排名,财富值(亿人民币),公司,行业,姓名,年龄,出生地,性别,出生省份,财富等级,年龄分组,财富对数
1,3500.0,字节跳动,社交媒体,张一鸣,41.0,中国-福建-龙岩,先生,福建,>1000亿,41-50岁,3.5440680443502757
2,3400.0,养生堂,饮料、医疗保健,钟睒睒,70.0,中国-浙江-绍兴,先生,浙江,>1000亿,61-70岁,3.531478917042255
3,3150.0,腾讯,互联网服务,马化腾,53.0,中国-海南,先生,海南,>1000亿,51-60岁,3.4983105537896004
4,2450.0,拼多多,购物网站,黄峥,44.0,中国-浙江-杭州,先生,浙江,>1000亿,41-50岁,3.3891660843645326
5,2350.0,美的,家电制造,何享健,82.0,中国-广东-佛山,先生,广东,>1000亿,70岁以上,3.3710678622717363
6,2000.0,宁德时代,锂电池,曾毓群,56.0,中国-福建-宁德,先生,福建,>1000亿,51-60岁,3.3010299956639813
6,2000.0,网易,互联网技术,丁磊,53.0,中国-浙江-宁波,先生,浙江,>1000亿,51-60岁,3.3010299956639813
6,2000.0,长江实业,投资,李嘉诚,96.0,中国-香港,先生,香港,>1000亿,70岁以上,3.3010299956639813
9,1750.0,恒基兆业,房地产,李兆基,96.0,中国-广东-佛山,先生,广东,>1000亿,70岁以上,3.2430380486862944
10,1650.0,阿里系,电子商务、金融科技,马云,60.0,中国-浙江-杭州,先生,浙江,>1000亿,51-60岁,3.2174839442139063
11,1450.0,吉利,汽车制造,李书福,61.0,中国-浙江-台州,先生,浙江,>1000亿,61-70岁,3.161368002234975
11,1450.0,太平洋建设,基础建设,严昊,38.0,中国-江苏-淮安,先生,江苏,>1000亿,40岁以下,3.161368002234975
11,1450.0,信发铝电,电解铝、氧化铝,张刚,43.0,中国-山东-聊城,先生,山东,>1000亿,41-50岁,3.161368002234975
14,1400.0,李锦记,调味品,李蔡美灵,,中国-香港,先生,香港,>1000亿,,3.146128035678238
14,1400.0,融捷,投资,吕向阳,61.0,中国-安徽-芜湖,先生,安徽,>1000亿,61-70岁,3.146128035678238
16,1350.0,牧原,畜牧,秦英林,59.0,中国-河南-南阳,先生,河南,>1000亿,51-60岁,3.130333768495006
16,1350.0,比亚迪,汽车、充电电池,王传福,58.0,中国-安徽-芜湖,先生,安徽,>1000亿,51-60岁,3.130333768495006
16,1350.0,币安,虚拟货币交易所,赵长鹏,47.0,中国-江苏-连云港,先生,江苏,>1000亿,41-50岁,3.130333768495006
19,1300.0,小米,智能硬件与技术、投资,雷军,55.0,中国-湖北-仙桃,先生,湖北,>1000亿,51-60岁,3.113943352306837
20,1250.0,恒力,化纤、石化、房地产,陈建华,53.0,中国-江苏-苏州,先生,江苏,>1000亿,51-60岁,3.0969100130080562
20,1250.0,腾讯,互联网服务,张志东,52.0,中国-广东-东莞,先生,广东,>1000亿,51-60岁,3.0969100130080562
22,1200.0,东方希望,氧化铝、重化工、饲料,刘永行,76.0,中国-四川-成都,先生,四川,>1000亿,70岁以上,3.0791812460476247
23,1100.0,顺丰,快递,王卫,54.0,中国-上海,先生,上海,>1000亿,51-60岁,3.041392685158225
23,1100.0,长城,汽车制造,魏建军,60.0,中国-河北-保定,先生,河北,>1000亿,51-60岁,3.041392685158225
23,1100.0,魏桥创业,铝业、纺织,郑淑良,78.0,中国-山东,先生,山东,>1000亿,70岁以上,3.041392685158225
26,1000.0,迈瑞,医疗器械,李西廷,73.0,中国-安徽-宿州,先生,安徽,500-1000亿,70岁以上,3.0
27,950.0,宝丰,煤化工,党彦宝,51.0,,先生,未知,500-1000亿,51-60岁,2.9777236052888476
27,950.0,迈瑞、鹏瑞,医疗器械、房地产,徐航,62.0,中国-广东-广州,先生,广东,500-1000亿,61-70岁,2.9777236052888476
27,950.0,周大福,珠宝,郑家纯,76.0,中国-香港,先生,香港,500-1000亿,70岁以上,2.9777236052888476
30,930.0,鸿海,电子制造,郭台铭,74.0,中国-台湾-新北,先生,台湾,500-1000亿,70岁以上,2.9684829485539352
30,930.0,会德丰,房地产,吴光正,78.0,中国-上海,先生,上海,500-1000亿,70岁以上,2.9684829485539352
32,910.0,华人置业,房地产,刘銮雄,73.0,中国-香港,先生,香港,500-1000亿,70岁以上,2.9590413923210934
33,890.0,宁德时代,锂电池,黄世霖,57.0,中国-福建-宁德,先生,福建,500-1000亿,51-60岁,2.949390006644913
34,885.0,美团,生活服务,王兴,45.0,中国-福建-龙岩,先生,福建,500-1000亿,41-50岁,2.9469432706978256
35,870.0,海天味业,调味品,庞康,68.0,中国-广东-佛山,先生,广东,500-1000亿,61-70岁,2.9395192526186187
36,850.0,金士顿科技,半导体,杜纪川,83.0,中国-重庆,先生,重庆,500-1000亿,70岁以上,2.929418925714293
36,850.0,金士顿科技,半导体,孙大卫,73.0,中国-台湾-台北,先生,台湾,500-1000亿,70岁以上,2.929418925714293
38,810.0,立业,投资,林立,61.0,中国-广东-河源,先生,广东,500-1000亿,61-70岁,2.90848501887865
38,810.0,娃哈哈,饮料,宗馥莉,,,女士,未知,500-1000亿,,2.90848501887865
40,800.0,银河,博彩,吕志和,95.0,中国-香港,先生,香港,500-1000亿,70岁以上,2.9030899869919438
40,800.0,华彬,饮料、地产,严彬,70.0,中国-河南-新乡,先生,河南,500-1000亿,61-70岁,2.9030899869919438
42,770.0,翰森,医药,钟慧娟,63.0,,女士,未知,500-1000亿,61-70岁,2.886490725172482
43,750.0,电讯盈科,电信,李泽楷,58.0,中国-香港,先生,香港,500-1000亿,51-60岁,2.8750612633917
44,730.0,米哈游,游戏,蔡浩宇,37.0,中国-山东-济南,先生,山东,500-1000亿,40岁以下,2.863322860120456
45,720.0,华利实业,鞋业,张聪渊,76.0,中国-台湾-桃园,先生,台湾,500-1000亿,70岁以上,2.8573324964312685
46,700.0,通威,新能源、农业,刘汉元,60.0,中国-四川-眉山,先生,四川,500-1000亿,51-60岁,2.845098040014257
47,695.0,广达电脑,消费电子产品,林百里,75.0,中国-上海,先生,上海,500-1000亿,70岁以上,2.8419848045901137
48,690.0,新希望,农业、化工、金融,刘永好,73.0,中国-四川-成都,先生,四川,500-1000亿,70岁以上,2.838849090737255
49,680.0,阿里系,电子商务、金融科技,蔡崇信,60.0,中国-台湾,先生,台湾,500-1000亿,51-60岁,2.832508912706236
50,670.0,泰康,保险,陈东升,67.0,中国-湖北-荆门,先生,湖北,500-1000亿,61-70岁,2.8260748027008264
50,670.0,青山控股,钢铁,项光达,66.0,中国-浙江-温州,先生,浙江,500-1000亿,61-70岁,2.8260748027008264
50,670.0,鸿商产业,钼矿,于泳,,,先生,未知,500-1000亿,,2.8260748027008264
50,670.0,长荣集团,物流、钢铁,张国华,69.0,中国-台湾-台北,先生,台湾,500-1000亿,61-70岁,2.8260748027008264
54,665.0,新鸿基,房地产,邝肖卿,95.0,中国-香港,女士,香港,500-1000亿,70岁以上,2.8228216453031045
55,650.0,恒瑞,医药,孙飘扬,66.0,中国-江苏-镇江,先生,江苏,500-1000亿,61-70岁,2.8129133566428557
56,635.0,蓝思科技,电子器件制造,周群飞,54.0,中国-湖南-湘潭,女士,湖南,500-1000亿,51-60岁,2.8027737252919755
57,630.0,立讯精密,消费电子,王来胜,60.0,中国-广东-汕头,先生,广东,500-1000亿,51-60岁,2.7993405494535817
57,630.0,扬子江药业,医药,徐浩宇,52.0,中国-江苏-泰州,先生,江苏,500-1000亿,51-60岁,2.7993405494535817
59,620.0,立讯精密,消费电子,王来春,57.0,中国-广东-汕头,女士,广东,500-1000亿,51-60岁,2.792391689498254
59,620.0,健康元,医药,朱保国,62.0,中国-河南-新乡,先生,河南,500-1000亿,61-70岁,2.792391689498254
61,615.0,海康威视,视频监控产品,龚虹嘉,59.0,,先生,未知,500-1000亿,51-60岁,2.788875115775417
62,610.0,恒瑞、翰森,医药,岑均达,,,先生,未知,500-1000亿,,2.785329835010767
63,600.0,三一,重型机械,梁稳根,68.0,中国-湖南-娄底,先生,湖南,500-1000亿,61-70岁,2.7781512503836434
63,600.0,新奥,天然气、能源化工,王玉锁,60.0,中国-河北-廊坊,先生,河北,500-1000亿,51-60岁,2.7781512503836434
65,590.0,盛大,投资,陈天桥,51.0,中国-浙江-绍兴,先生,浙江,500-1000亿,51-60岁,2.7708520116421442
65,590.0,郎酒,白酒,汪俊林,62.0,中国-四川-眉山,先生,四川,500-1000亿,61-70岁,2.7708520116421442
67,575.0,日照钢铁,钢铁,杜双华,59.0,中国-河北-衡水,先生,河北,500-1000亿,51-60岁,2.7596678446896306
68,550.0,富华,房地产、紫檀博物馆,陈丽华,83.0,中国-北京,女士,北京,500-1000亿,70岁以上,2.7403626894942437
68,550.0,荣盛控股,化纤,李水荣,68.0,中国-浙江,先生,浙江,500-1000亿,61-70岁,2.7403626894942437
70,540.0,海底捞,餐饮,张勇,53.0,中国-四川-成都,先生,四川,500-1000亿,51-60岁,2.7323937598229686
71,525.0,百度,网络信息服务,李彦宏,56.0,中国-山西-阳泉,先生,山西,500-1000亿,51-60岁,2.720159303405957
72,520.0,阳光电源,光伏设备,曹仁贤,56.0,中国-浙江-杭州,先生,浙江,500-1000亿,51-60岁,2.716003343634799
72,520.0,京东,电子商务、金融,刘强东,50.0,中国-江苏-宿迁,先生,江苏,500-1000亿,41-50岁,2.716003343634799
74,510.0,东鹏饮料,食品饮料,林木勤,60.0,中国-广东-深圳,先生,广东,500-1000亿,51-60岁,2.7075701760979363
74,510.0,百利天恒,医药,朱义,61.0,,先生,未知,500-1000亿,61-70岁,2.7075701760979363
76,500.0,恒立液压,高压油缸,汪立平,58.0,中国-江苏-无锡,先生,江苏,100-500亿,51-60岁,2.6989700043360187
76,500.0,希音,电商,许仰天,40.0,山东-淄博,先生,淄博,100-500亿,40岁以下,2.6989700043360187
76,500.0,苏商,基础设施建设,严昕,41.0,中国-江苏-淮安,女士,江苏,100-500亿,41-50岁,2.6989700043360187
79,490.0,小米,智能硬件与技术,林斌,56.0,,先生,未知,100-500亿,51-60岁,2.690196080028514
79,490.0,合盛,硅材料,罗立国,68.0,中国-浙江-宁波,先生,浙江,100-500亿,61-70岁,2.690196080028514
79,490.0,龙湖,房地产,吴亚军,60.0,中国-重庆,女士,重庆,100-500亿,51-60岁,2.690196080028514
82,480.0,天华超净,超净产品,裴振华,,,先生,未知,100-500亿,,2.681241237375587
82,480.0,达利食品,食品,许世辉,67.0,中国-福建-泉州,先生,福建,100-500亿,61-70岁,2.681241237375587
84,460.0,富邦,金融服务,蔡明兴,67.0,中国-台湾,先生,台湾,100-500亿,61-70岁,2.662757831681574
84,460.0,爱尔眼科,医疗服务,陈邦,59.0,中国-湖南-长沙,先生,湖南,100-500亿,51-60岁,2.662757831681574
86,450.0,星河,房地产、投资,黄楚龙,65.0,中国-广东-揭阳,先生,广东,100-500亿,61-70岁,2.6532125137753435
86,450.0,卓越,房地产,李华,58.0,中国-四川,先生,四川,100-500亿,51-60岁,2.6532125137753435
88,440.0,富邦,金融服务,蔡明忠,68.0,中国-台湾,先生,台湾,100-500亿,61-70岁,2.6434526764861874
88,440.0,飞塔,网路安全,谢青,,中国-北京,先生,北京,100-500亿,,2.6434526764861874
90,435.0,新鸿基,房地产,李天颖,,中国-香港,先生,香港,100-500亿,,2.6384892569546374
90,435.0,中电,能源,米高·嘉道理,83.0,中国-香港,先生,香港,100-500亿,70岁以上,2.6384892569546374
92,430.0,北极星,投资,陈贤哲,71.0,中国-台湾,先生,台湾,100-500亿,70岁以上,2.6334684555795866
92,430.0,日月光,工业品、房地产,张虔生,80.0,中国-台湾,先生,台湾,100-500亿,70岁以上,2.6334684555795866
94,425.0,韦尔股份,半导体,虞仁荣,58.0,,先生,未知,100-500亿,51-60岁,2.6283889300503116
95,420.0,霖园,金融服务,蔡宏图,72.0,中国-台湾,先生,台湾,100-500亿,70岁以上,2.6232492903979003
95,420.0,碧桂园,投资、房地产、教育,杨惠妍,43.0,中国-广东-佛山,女士,广东,100-500亿,41-50岁,2.6232492903979003
97,415.0,银泰,零售、房地产、物流,沈国军,62.0,中国-浙江-宁波,先生,浙江,100-500亿,61-70岁,2.6180480967120925
97,415.0,南山,铝业、纺织、房地产,宋建波,54.0,中国-山东-烟台,先生,山东,100-500亿,51-60岁,2.6180480967120925
99,410.0,创科实业,消费品,霍斯特·帕德威尔,79.0,中国-香港,先生,香港,100-500亿,70岁以上,2.6127838567197355
99,410.0,万向,汽车制造业、房地产、农业,鲁伟鼎,53.0,中国-浙江-杭州,先生,浙江,100-500亿,51-60岁,2.6127838567197355
99,410.0,东方财富,信息服务,其实,54.0,中国-上海,先生,上海,100-500亿,51-60岁,2.6127838567197355
99,410.0,公牛,插座,阮立平,60.0,,先生,未知,100-500亿,51-60岁,2.6127838567197355
103,405.0,方大,碳素、钢铁、煤焦,方威,51.0,中国-辽宁-沈阳,先生,辽宁,100-500亿,51-60岁,2.6074550232146687
103,405.0,智飞生物,疫苗,蒋仁生,71.0,中国-广西-桂林,先生,广西,100-500亿,70岁以上,2.6074550232146687
103,405.0,公牛,插座,阮学平,52.0,,先生,未知,100-500亿,51-60岁,2.6074550232146687
103,405.0,合生创展,房地产、投资,朱孟依,65.0,中国-广东-梅州,先生,广东,100-500亿,61-70岁,2.6074550232146687
107,400.0,旺旺,食品和饮料,蔡衍明,67.0,中国-台湾-台北,先生,台湾,100-500亿,61-70岁,2.6020599913279625
107,400.0,安踏,体育用品,丁世忠,54.0,中国-福建-泉州,先生,福建,100-500亿,51-60岁,2.6020599913279625
107,400.0,鸿荣源,房地产,赖海民,58.0,中国-广东-揭阳,先生,广东,100-500亿,51-60岁,2.6020599913279625
107,400.0,米哈游,游戏,刘伟,37.0,,先生,未知,100-500亿,40岁以下,2.6020599913279625
107,400.0,BW,物流,苏海文,83.0,奥地利,先生,奥地利,100-500亿,70岁以上,2.6020599913279625
112,395.0,JS环球生活,小家电,王旭宁,55.0,中国-北京,先生,北京,100-500亿,51-60岁,2.59659709562646
113,390.0,飞塔,网路安全,谢华,,中国-北京,先生,北京,100-500亿,,2.591064607026499
114,385.0,霖园,金融服务,蔡政达,,中国-台湾,先生,台湾,100-500亿,,2.5854607295085006
114,385.0,宁德时代,锂电池,李平,56.0,,先生,未知,100-500亿,51-60岁,2.5854607295085006
116,380.0,领益智造,消费电子精密件,曾芳勤,59.0,,女士,未知,100-500亿,51-60岁,2.57978359661681
116,380.0,安踏,体育用品,丁世家,60.0,中国-福建-泉州,先生,福建,100-500亿,51-60岁,2.57978359661681
116,380.0,米哈游,游戏,罗宇皓,37.0,,先生,未知,100-500亿,40岁以下,2.57978359661681
116,380.0,沙钢,钢铁,沈彬,,中国-浙江-杭州,未知,浙江,100-500亿,,2.57978359661681
120,375.0,冬海集团,网络游戏、电商,李小冬,46.0,,先生,未知,100-500亿,41-50岁,2.574031267727719
120,375.0,中生制药,医药,谢炳,72.0,中国-广东-汕头,先生,广东,100-500亿,70岁以上,2.574031267727719
122,370.0,波司登,服装,高德康,72.0,中国-江苏-苏州,先生,江苏,100-500亿,70岁以上,2.568201724066995
122,370.0,申洲针织,纺织、服装,马建荣,59.0,中国-浙江,先生,浙江,100-500亿,51-60岁,2.568201724066995
122,370.0,修正药业,医药,修涞贵,69.0,中国-吉林,先生,吉林,100-500亿,61-70岁,2.568201724066995
125,360.0,拓普,汽车零部件制造,邬建树,60.0,中国-浙江-宁波,先生,浙江,100-500亿,51-60岁,2.5563025007672873
126,355.0,新华都,医药、零售、投资,陈发树,63.0,中国-福建-泉州,先生,福建,100-500亿,61-70岁,2.550228353055094
126,355.0,世纪金源,房地产,黄如论,73.0,中国-福建-福州,先生,福建,100-500亿,70岁以上,2.550228353055094
128,350.0,中通,物流,赖梅松,54.0,,先生,未知,100-500亿,51-60岁,2.5440680443502757
128,350.0,大疆,无人机,汪滔,44.0,中国-浙江-杭州,先生,浙江,100-500亿,41-50岁,2.5440680443502757
128,350.0,德业股份,电器零部件制造,张和君,72.0,,先生,未知,100-500亿,70岁以上,2.5440680443502757
131,340.0,贝壳,房地产服务,朱艳,53.0,中国-陕西-渭南,先生,陕西,100-500亿,51-60岁,2.531478917042255
132,335.0,研祥,特种计算机,陈志列,61.0,中国-江苏-无锡,先生,江苏,100-500亿,61-70岁,2.525044807036845
132,335.0,理想汽车,新能源汽车,李想,43.0,,先生,未知,100-500亿,41-50岁,2.525044807036845
132,335.0,台积电,半导体,张忠谋,93.0,中国-浙江-宁波,先生,浙江,100-500亿,70岁以上,2.525044807036845
135,330.0,亿纬锂能,锂电池,刘金成,60.0,中国-湖北-武汉,先生,湖北,100-500亿,51-60岁,2.5185139398778875
135,330.0,建龙,钢铁、矿业、船运,张志祥,57.0,中国-浙江-宁波,先生,浙江,100-500亿,51-60岁,2.5185139398778875
137,325.0,药明康德,医药,李革,57.0,中国-北京,先生,北京,100-500亿,51-60岁,2.5118833609788744
137,325.0,联邦,房地产、金融,林张素娥,,,先生,未知,100-500亿,,2.5118833609788744
137,325.0,巨人,金融、在线游戏、投资,史玉柱,62.0,中国-安徽-蚌阜,先生,安徽,100-500亿,61-70岁,2.5118833609788744
140,320.0,寒武纪,人工智能芯片,陈天石,39.0,,先生,未知,100-500亿,40岁以下,2.505149978319906
140,320.0,小鹏汽车,新能源汽车,何小鹏,47.0,中国-湖北-黄石,先生,湖北,100-500亿,41-50岁,2.505149978319906
140,320.0,远大,医药,胡凯军,62.0,,先生,未知,100-500亿,61-70岁,2.505149978319906
143,315.0,涌金投资,医药、投资,陈金霞,56.0,中国-上海,女士,上海,100-500亿,51-60岁,2.4983105537896004
144,310.0,信德、美高梅中国,博彩,何超琼,62.0,中国-香港,女士,香港,100-500亿,61-70岁,2.4913616938342726
145,305.0,新鸿基,房地产,郭炳联,72.0,中国-香港,先生,香港,100-500亿,70岁以上,2.484299839346786
145,305.0,新鸿基,房地产,郭基辉,41.0,中国-香港,先生,香港,100-500亿,41-50岁,2.484299839346786
145,305.0,海底捞,餐饮,施永宏,54.0,中国-四川-成都,先生,四川,100-500亿,51-60岁,2.484299839346786
148,300.0,海天味业,调味品,程雪,54.0,中国-江苏-盐城,女士,江苏,100-500亿,51-60岁,2.4771212547196626
148,300.0,东方海外,运输,董建成,81.0,中国-上海,先生,上海,100-500亿,70岁以上,2.4771212547196626
148,300.0,福斯特,光伏材料,林建华,62.0,中国-福建,先生,福建,100-500亿,61-70岁,2.4771212547196626
148,300.0,新理益,投资,刘益谦,61.0,中国-上海,先生,上海,100-500亿,61-70岁,2.4771212547196626
148,300.0,红杉,投资,沈南鹏,57.0,中国-浙江-嘉兴,先生,浙江,100-500亿,51-60岁,2.4771212547196626
148,300.0,伯恩光学,工业产品,杨建文,71.0,中国-香港,先生,香港,100-500亿,70岁以上,2.4771212547196626
148,300.0,同花顺,软件,易峥,54.0,中国-北京,先生,北京,100-500亿,51-60岁,2.4771212547196626
155,295.0,立白,日化用品,陈凯旋,66.0,中国-广东-揭阳,先生,广东,100-500亿,61-70岁,2.469822015978163
155,295.0,中信金控,金融服务,辜仲立,57.0,中国-台湾-台北,先生,台湾,100-500亿,51-60岁,2.469822015978163
157,290.0,龙湖,房地产,蔡奎,63.0,中国-四川-资阳,先生,四川,100-500亿,61-70岁,2.462397997898956
157,290.0,旭日国际,玩具,蔡志明,79.0,中国-广东-揭阳,先生,广东,100-500亿,70岁以上,2.462397997898956
157,290.0,华凌工贸,地产、畜牧,米恩华,66.0,中国-山东-泰安,先生,山东,100-500亿,61-70岁,2.462397997898956
157,290.0,万达,房地产、文化,王健林,70.0,中国-四川-绵阳,先生,四川,100-500亿,61-70岁,2.462397997898956
157,290.0,华泽,酒业、投资,吴向东,54.0,中国-湖南-株洲,先生,湖南,100-500亿,51-60岁,2.462397997898956
157,290.0,海丰,航运,杨绍鹏,68.0,中国-山东-青岛,先生,山东,100-500亿,61-70岁,2.462397997898956
157,290.0,华峰,化工、铝业、投资,尤小平,66.0,中国-浙江-温州,先生,浙江,100-500亿,61-70岁,2.462397997898956
164,285.0,联发科技,半导体,蔡明介,74.0,中国-台湾,先生,台湾,100-500亿,70岁以上,2.45484486000851
164,285.0,京基,房地产、投资,陈华,58.0,中国-广东-湛江,先生,广东,100-500亿,51-60岁,2.45484486000851
164,285.0,复星,投资,郭广昌,57.0,中国-浙江-金华,先生,浙江,100-500亿,51-60岁,2.45484486000851
164,285.0,步长,医药,赵涛,58.0,中国-陕西-西安,先生,陕西,100-500亿,51-60岁,2.45484486000851
168,280.0,锦江,能源、化工,钭正刚,71.0,中国-浙江,先生,浙江,100-500亿,70岁以上,2.4471580313422194
168,280.0,富途,金融服务,李华,46.0,,先生,未知,100-500亿,41-50岁,2.4471580313422194
168,280.0,广汇,汽车销售、能源、房地产,孙广信,62.0,中国-新疆-乌鲁木齐,先生,新疆,100-500亿,61-70岁,2.4471580313422194
168,280.0,远东,金融服务,徐旭东,83.0,中国-上海,先生,上海,100-500亿,70岁以上,2.4471580313422194
172,275.0,泡泡玛特,玩具,王宁,37.0,中国-河南-新乡,先生,河南,100-500亿,40岁以下,2.439332693830263
173,270.0,信义,玻璃,李贤义,72.0,中国-福建-泉州,先生,福建,100-500亿,70岁以上,2.4313637641589874
173,270.0,海雅,商业、金融、地产,涂辉龙,65.0,中国-广东-汕尾,先生,广东,100-500亿,61-70岁,2.4313637641589874
173,270.0,观澜湖,房地产,朱鼎健,50.0,中国-香港,先生,香港,100-500亿,41-50岁,2.4313637641589874
176,265.0,格兰仕,家电,梁庆德,87.0,中国-广东-佛山,先生,广东,100-500亿,70岁以上,2.423245873936808
176,265.0,比亚迪,汽车、充电电池,夏佐全,61.0,中国-湖北-襄阳,先生,湖北,100-500亿,61-70岁,2.423245873936808
176,265.0,信立泰,医药,叶澄海,81.0,中国-广东-梅州,先生,广东,100-500亿,70岁以上,2.423245873936808
179,260.0,分众传媒,数字新媒体、投资,江南春,51.0,中国-上海,先生,上海,100-500亿,51-60岁,2.4149733479708178
179,260.0,隆基,硅材料,李振国,56.0,中国-河南-许昌,先生,河南,100-500亿,51-60岁,2.4149733479708178
179,260.0,宝佳,房地产,林陈海,,中国-台湾-台北,先生,台湾,100-500亿,,2.4149733479708178
179,260.0,宏泰,投资,林鸿南,57.0,中国-台湾,先生,台湾,100-500亿,51-60岁,2.4149733479708178
179,260.0,研华,电脑产品,刘克振,70.0,中国-台湾,先生,台湾,100-500亿,61-70岁,2.4149733479708178
179,260.0,高瓴资本,投资,张磊,52.0,中国-河南-驻马店,先生,河南,100-500亿,51-60岁,2.4149733479708178
185,255.0,隆基,硅材料,李春安,56.0,中国-甘肃-兰州,先生,甘肃,100-500亿,51-60岁,2.406540180433955
185,255.0,盛虹,印染、化纤、房地产,缪汉根,59.0,中国-江苏-苏州,先生,江苏,100-500亿,51-60岁,2.406540180433955
185,255.0,名创优品,新零售,叶国富,47.0,中国-湖北-十堰,先生,湖北,100-500亿,41-50岁,2.406540180433955
185,255.0,中环新能源,绿色建材、新能源,余竹云,51.0,中国-浙江-衢州,先生,浙江,100-500亿,51-60岁,2.406540180433955
185,255.0,圆通速递,物流,喻会蛟,55.0,中国-浙江,先生,浙江,100-500亿,51-60岁,2.406540180433955
185,255.0,海澜,服装、投资,周建平,63.0,中国-江苏-无锡,先生,江苏,100-500亿,61-70岁,2.406540180433955
191,250.0,福耀玻璃,玻璃,曹德旺,78.0,中国-福建-福州,先生,福建,100-500亿,70岁以上,2.3979400086720375
191,250.0,君正,煤化工、电力、运输,杜江涛,55.0,中国-内蒙古-乌海,先生,内蒙古,100-500亿,51-60岁,2.3979400086720375
191,250.0,富源,房地产、水电,缪寿良,69.0,中国-广东,先生,广东,100-500亿,61-70岁,2.3979400086720375
191,250.0,博深集团,企业服务,彭铁缆,,中国-湖南-长沙,先生,湖南,100-500亿,,2.3979400086720375
191,250.0,米哈游,游戏,宋涛,48.0,,先生,未知,100-500亿,41-50岁,2.3979400086720375
196,245.0,巨子生物,生物科技,严建亚,58.0,,先生,未知,100-500亿,51-60岁,2.3891660843645326
196,245.0,zoom,视频软件,袁征,54.0,中国-山东,先生,山东,100-500亿,51-60岁,2.3891660843645326
198,240.0,汇能,煤炭、路桥、房地产,郭金树,73.0,中国-内蒙古-鄂尔多斯,先生,内蒙古,100-500亿,70岁以上,2.380211241711606
198,240.0,歌尔股份,声学及多媒体产品,姜滨,58.0,中国-山东-威海,先生,山东,100-500亿,51-60岁,2.380211241711606
198,240.0,奇美,化工,许家彰,,,先生,未知,100-500亿,,2.380211241711606
198,240.0,欧派家居,橱柜,姚良松,60.0,中国-广东-梅州,先生,广东,100-500亿,51-60岁,2.380211241711606
198,240.0,协鑫,太阳能芯片、发电厂,朱共山,66.0,中国-江苏-盐城,先生,江苏,100-500亿,61-70岁,2.380211241711606
203,235.0,永新,杂货,曹其峰,78.0,中国-香港,先生,香港,100-500亿,70岁以上,2.3710678622717363
203,235.0,玖龙纸业,环保造纸,张茵,67.0,中国-广东-韶关,女士,广东,100-500亿,61-70岁,2.3710678622717363
203,235.0,台达电子,半导体,郑崇华,88.0,中国-福建-南平,先生,福建,100-500亿,70岁以上,2.3710678622717363
206,230.0,掌门科技,上网平台,陈大年,46.0,中国-浙江-绍兴,先生,浙江,100-500亿,41-50岁,2.361727836017593
206,230.0,长春,化工,廖龙星,,中国-台湾,先生,台湾,100-500亿,,2.361727836017593
206,230.0,长春,化工,林书鸿,96.0,中国-台湾,先生,台湾,100-500亿,70岁以上,2.361727836017593
206,230.0,汉鼎宇佑,文化传媒、投资,王麒诚,44.0,中国-浙江-杭州,先生,浙江,100-500亿,41-50岁,2.361727836017593
206,230.0,多益网络,网络游戏,徐波,47.0,,先生,未知,100-500亿,41-50岁,2.361727836017593
206,230.0,世茂,投资、房地产,许荣茂,74.0,中国-福建-泉州,先生,福建,100-500亿,70岁以上,2.361727836017593
206,230.0,长春,化工,郑正,,中国-台湾,先生,台湾,100-500亿,,2.361727836017593
213,225.0,雅迪,电动车,董经贵,54.0,,先生,未知,100-500亿,51-60岁,2.3521825181113627
213,225.0,腾讯,互联网服务,刘炽平,51.0,中国-北京,先生,北京,100-500亿,51-60岁,2.3521825181113627
213,225.0,方太厨具,厨具,茅理翔,83.0,中国-浙江-宁波,先生,浙江,100-500亿,70岁以上,2.3521825181113627
213,225.0,新华联合冶金,钢铁,孙纪木,68.0,中国-浙江-绍兴,先生,浙江,100-500亿,61-70岁,2.3521825181113627
213,225.0,鱼跃医疗,医疗设备,吴光明,62.0,中国-江苏-镇江,先生,江苏,100-500亿,61-70岁,2.3521825181113627
213,225.0,润泰,建筑开发、金融保险,尹衍梁,74.0,中国-台湾-台北,先生,台湾,100-500亿,70岁以上,2.3521825181113627
213,225.0,蜜雪冰城,餐饮,张红超,46.0,中国-河南-商丘,先生,河南,100-500亿,41-50岁,2.3521825181113627
213,225.0,蜜雪冰城,餐饮,张红甫,39.0,中国-河南-商丘,先生,河南,100-500亿,40岁以下,2.3521825181113627
213,225.0,华熙国际,生物医药、房地产,赵燕,57.0,中国-云南-昆明,女士,云南,100-500亿,51-60岁,2.3521825181113627
213,225.0,奥克斯,家电、房地产,郑坚江,63.0,中国-浙江-宁波,先生,浙江,100-500亿,61-70岁,2.3521825181113627
213,225.0,华宝国际,香精香料、烟草,朱林瑶,54.0,中国-四川,女士,四川,100-500亿,51-60岁,2.3521825181113627
224,220.0,宝丰隆,金融服务,蔡镇宇,71.0,中国-台湾-台北,先生,台湾,100-500亿,70岁以上,2.342422680822206
224,220.0,亨通,电缆、热能电力、投资,崔根良,66.0,中国-江苏-苏州,先生,江苏,100-500亿,61-70岁,2.342422680822206
224,220.0,汇能,煤炭、路桥、房地产,郭建军,,,先生,未知,100-500亿,,2.342422680822206
224,220.0,正新橡胶,橡胶,罗才仁,71.0,中国-台湾-彰化,先生,台湾,100-500亿,70岁以上,2.342422680822206
228,215.0,东阳光,医药、电子新材料,郭梅兰,,,女士,未知,100-500亿,,2.3324384599156054
228,215.0,联影医疗,医疗设备,薛敏,,,先生,未知,100-500亿,,2.3324384599156054
228,215.0,远雄,房地产,赵藤雄,80.0,中国-台湾,先生,台湾,100-500亿,70岁以上,2.3324384599156054
231,210.0,震旦,办公家具、房地产,陈永泰,88.0,中国-台湾-台北,先生,台湾,100-500亿,70岁以上,2.322219294733919
231,210.0,巨星科技,工具制造,仇建平,62.0,中国-浙江-杭州,先生,浙江,100-500亿,61-70岁,2.322219294733919
231,210.0,元大,金融服务,马维建,,,先生,未知,100-500亿,,2.322219294733919
234,205.0,普阳钢铁,钢铁、煤化工,郭恩元,76.0,中国-河北-邯郸,先生,河北,100-500亿,70岁以上,2.311753861055754
234,205.0,中国飞鹤,乳业,冷友斌,55.0,中国-黑龙江-黑河,先生,黑龙江,100-500亿,51-60岁,2.311753861055754
234,205.0,快手科技,传媒娱乐,宿华,42.0,中国-湖南,先生,湖南,100-500亿,41-50岁,2.311753861055754
234,205.0,冬海集团,网络游戏、电商,叶刚,43.0,,先生,未知,100-500亿,41-50岁,2.311753861055754
234,205.0,三花控股,工业设备、汽车零部件、房地产,张道才,74.0,中国-浙江-绍兴,先生,浙江,100-500亿,70岁以上,2.311753861055754
239,200.0,外滩中心,房地产,黄柏年,68.0,印尼,先生,印尼,100-500亿,61-70岁,2.3010299956639813
239,200.0,莱克电气,小家电,倪祖根,67.0,中国-江苏-苏州,先生,江苏,100-500亿,61-70岁,2.3010299956639813
239,200.0,瑞声科技,消费电子精密件,潘政民,57.0,中国-江苏,先生,江苏,100-500亿,51-60岁,2.3010299956639813
239,200.0,心里程,教育、房地产,彭国远,38.0,中国-广东-汕尾,先生,广东,100-500亿,40岁以下,2.3010299956639813
239,200.0,恒大,投资、房地产,许家印,66.0,中国-河南-周口,先生,河南,100-500亿,61-70岁,2.3010299956639813
239,200.0,雅虎,投资,杨致远,56.0,中国-台湾-台北,先生,台湾,100-500亿,51-60岁,2.3010299956639813
239,200.0,富德,保险,张峻,,中国-广东-揭阳,先生,广东,100-500亿,,2.3010299956639813
239,200.0,小康控股,汽车、汽车零配件,张兴海,61.0,中国-重庆,先生,重庆,100-500亿,61-70岁,2.3010299956639813
247,195.0,新和成,医药,胡柏藩,62.0,中国-浙江-绍兴,先生,浙江,100-500亿,61-70岁,2.290034611362518
247,195.0,中洲,房地产,黄光苗,55.0,中国-广东-汕头,先生,广东,100-500亿,51-60岁,2.290034611362518
247,195.0,元利,房地产,林敏雄,74.0,,女士,未知,100-500亿,70岁以上,2.290034611362518
247,195.0,福莱特,光伏材料,阮洪良,63.0,中国-浙江,先生,浙江,100-500亿,61-70岁,2.290034611362518
247,195.0,中际旭创,通信设备,王伟修,74.0,中国-山东,先生,山东,100-500亿,70岁以上,2.290034611362518
247,195.0,海大,饲料,薛华,54.0,,先生,未知,100-500亿,51-60岁,2.290034611362518
247,195.0,爱玛,电动自行车,张剑,55.0,中国-河南-商丘,先生,河南,100-500亿,51-60岁,2.290034611362518
247,195.0,润泽科技,软件与信息技术服务,周超男,64.0,中国-湖南-衡阳,先生,湖南,100-500亿,61-70岁,2.290034611362518
255,190.0,济川控股,医药,曹龙祥,67.0,,先生,未知,100-500亿,61-70岁,2.278753600952829
255,190.0,国巨,电子制造、收藏,陈泰铭,68.0,中国-台湾-台南,先生,台湾,100-500亿,61-70岁,2.278753600952829
255,190.0,今麦郎,食品与饮料,范现国,64.0,中国-河北-邢台,先生,河北,100-500亿,61-70岁,2.278753600952829
255,190.0,敬业,钢铁,李赶坡,75.0,中国-河北,先生,河北,100-500亿,70岁以上,2.278753600952829
255,190.0,济民可信,医药,李义海,61.0,中国-江西-南昌,先生,江西,100-500亿,61-70岁,2.278753600952829
255,190.0,纪惠,房地产,廖汤慧霭,76.0,中国-香港,女士,香港,100-500亿,70岁以上,2.278753600952829
255,190.0,春秋航空,航空,王正华,80.0,中国-上海,先生,上海,100-500亿,70岁以上,2.278753600952829
255,190.0,以岭,医药,吴以岭,75.0,中国-河北-衡水,先生,河北,100-500亿,70岁以上,2.278753600952829
255,190.0,青山控股,钢铁,项光通,,中国-浙江-温州,先生,浙江,100-500亿,,2.278753600952829
255,190.0,星宇股份,汽车灯具,周晓萍,63.0,中国-江苏-常州,女士,江苏,100-500亿,61-70岁,2.278753600952829
265,185.0,曾氏企业,铝业,曾小山,79.0,中国-湖南-邵东,先生,湖南,100-500亿,70岁以上,2.2671717284030137
265,185.0,思摩尔,电子烟,陈志平,48.0,,先生,未知,100-500亿,41-50岁,2.2671717284030137
265,185.0,大华技术,软件、电子通讯产品,傅利泉,57.0,中国-浙江-杭州,先生,浙江,100-500亿,51-60岁,2.2671717284030137
265,185.0,敏华,休闲沙发,黄敏利,59.0,中国-福建-泉州,先生,福建,100-500亿,51-60岁,2.2671717284030137
265,185.0,星河湾,房地产、投资,黄文仔,71.0,中国-广东-广州,先生,广东,100-500亿,70岁以上,2.2671717284030137
265,185.0,爱美客,生物制药,简军,61.0,中国-北京,女士,北京,100-500亿,61-70岁,2.2671717284030137
265,185.0,华强,投资,梁光伟,61.0,中国-浙江-台州,先生,浙江,100-500亿,61-70岁,2.2671717284030137
265,185.0,华友钴业,有色金属,谢伟通,67.0,中国-台湾,先生,台湾,100-500亿,61-70岁,2.2671717284030137
265,185.0,华城电机,电子元件,许邦福,,中国-浙江-宁波,未知,浙江,100-500亿,,2.2671717284030137
265,185.0,伊泰,煤炭,张双旺,81.0,中国-内蒙古-鄂尔多斯,先生,内蒙古,100-500亿,70岁以上,2.2671717284030137
265,185.0,物美,零售,张文中,62.0,中国-山东,先生,山东,100-500亿,61-70岁,2.2671717284030137
276,180.0,华住,连锁酒店,季琦,58.0,中国-江苏-南通,先生,江苏,100-500亿,51-60岁,2.255272505103306
276,180.0,晶澳科技,光伏,靳保芳,72.0,中国-河北-邢台,先生,河北,100-500亿,70岁以上,2.255272505103306
276,180.0,太阳纸业,造纸,李洪信,71.0,中国-福建,先生,福建,100-500亿,70岁以上,2.255272505103306
276,180.0,小红书,生活服务平台、电商,毛文超,,中国-四川-绵阳,未知,四川,100-500亿,,2.255272505103306
276,180.0,海思科,医药,王俊民,56.0,中国-辽宁,先生,辽宁,100-500亿,51-60岁,2.255272505103306
276,180.0,冀南钢铁,钢铁,王树华,,,先生,未知,100-500亿,,2.255272505103306
276,180.0,新产业,医疗器械,翁先定,63.0,,先生,未知,100-500亿,61-70岁,2.255272505103306
276,180.0,卓尔,房地产、投资,阎志,52.0,中国-湖北-黄冈,先生,湖北,100-500亿,51-60岁,2.255272505103306
276,180.0,卫星石化,化工,杨卫东,56.0,中国-浙江,先生,浙江,100-500亿,51-60岁,2.255272505103306
276,180.0,富力地产,投资、房地产,张力,71.0,中国-广东-广州,先生,广东,100-500亿,70岁以上,2.255272505103306
276,180.0,中渝,投资、房地产,张松桥,60.0,中国-重庆,先生,重庆,100-500亿,51-60岁,2.255272505103306
276,180.0,侨鑫,房地产、投资,周泽荣,70.0,中国-广东-汕头,先生,广东,100-500亿,61-70岁,2.255272505103306
288,175.0,天齐锂业,锂矿,蒋卫平,69.0,中国-四川-成都,先生,四川,100-500亿,61-70岁,2.2430380486862944
288,175.0,SOHO中国,投资、房地产,潘石屹,61.0,中国-甘肃-天水,先生,甘肃,100-500亿,61-70岁,2.2430380486862944
288,175.0,元气森林,饮料,唐彬森,42.0,中国-安徽-合肥,先生,安徽,100-500亿,41-50岁,2.2430380486862944
288,175.0,安克,电子商务,阳萌,42.0,,先生,未知,100-500亿,41-50岁,2.2430380486862944
288,175.0,海天国际,注塑机,张静章,87.0,中国-浙江-宁波,先生,浙江,100-500亿,70岁以上,2.2430380486862944
293,170.0,华兰生物,生物制药,安康,75.0,中国-河南-新乡,先生,河南,100-500亿,70岁以上,2.230448921378274
293,170.0,高德电气,电子制造,黄立,61.0,中国-陕西-西安,先生,陕西,100-500亿,61-70岁,2.230448921378274
293,170.0,茂业,投资、房地产,黄茂如,59.0,中国-广东-潮州,先生,广东,100-500亿,51-60岁,2.230448921378274
293,170.0,华宇,房地产,蒋业华,61.0,中国-重庆,先生,重庆,100-500亿,61-70岁,2.230448921378274
293,170.0,大立光,电子元件,林耀英,91.0,,先生,未知,100-500亿,70岁以上,2.230448921378274
293,170.0,美腕,新零售,戚振波,,,先生,未知,100-500亿,,2.230448921378274
293,170.0,科沃斯,机器人,钱东奇,66.0,中国-江苏-南京,先生,江苏,100-500亿,61-70岁,2.230448921378274
293,170.0,藏格矿业,矿产,肖永明,60.0,中国-四川-资阳,先生,四川,100-500亿,51-60岁,2.230448921378274
293,170.0,思捷环球,投资,邢李㷧,75.0,中国-香港,先生,香港,100-500亿,70岁以上,2.230448921378274
293,170.0,汇顶科技,半导体芯片,张帆,59.0,中国-四川-成都,先生,四川,100-500亿,51-60岁,2.230448921378274
293,170.0,东方,能源、零售,张宏伟,70.0,中国-黑龙江-哈尔滨,先生,黑龙江,100-500亿,61-70岁,2.230448921378274
293,170.0,拉拉科技,货运物流,周胜馥,47.0,,先生,未知,100-500亿,41-50岁,2.230448921378274
293,170.0,天孚通信,通信设备,邹支农,56.0,,先生,未知,100-500亿,51-60岁,2.230448921378274
306,165.0,石药,医药,蔡东晨,71.0,中国-河北-石家庄,先生,河北,100-500亿,70岁以上,2.2174839442139063
306,165.0,立白,日化用品,陈凯臣,,中国-广东-揭阳,先生,广东,100-500亿,,2.2174839442139063
306,165.0,中伟股份,工业产品,邓伟明,56.0,中国-湖南-长沙,先生,湖南,100-500亿,51-60岁,2.2174839442139063
306,165.0,中电,能源,利约翰,70.0,,先生,未知,100-500亿,61-70岁,2.2174839442139063
306,165.0,花园,工业制造、房地产,邵钦祥,70.0,中国-浙江-金华,先生,浙江,100-500亿,61-70岁,2.2174839442139063
306,165.0,裕同包装,包装,王华君,54.0,中国-江西-九江,先生,江西,100-500亿,51-60岁,2.2174839442139063
306,165.0,用友,软件与信息服务,王文京,60.0,中国-江西-上饶,先生,江西,100-500亿,51-60岁,2.2174839442139063
306,165.0,玲珑轮胎,轮胎,王希成,76.0,中国-山东,先生,山东,100-500亿,70岁以上,2.2174839442139063
306,165.0,劲牌,保健酒,吴少勋,68.0,中国-湖北-黄石,先生,湖北,100-500亿,61-70岁,2.2174839442139063
306,165.0,徐福记,食品,徐乘,72.0,中国-台湾-台北,先生,台湾,100-500亿,70岁以上,2.2174839442139063
306,165.0,云锋基金,投资,虞锋,61.0,中国-上海,先生,上海,100-500亿,61-70岁,2.2174839442139063
306,165.0,三环,通信部件、电子元器件,张万镇,75.0,中国-广东-潮州,先生,广东,100-500亿,70岁以上,2.2174839442139063
318,160.0,万丰,智能制造、投资,陈爱莲,66.0,中国-浙江-绍兴,先生,浙江,100-500亿,61-70岁,2.2041199826559246
318,160.0,OPPO,消费电子产品,陈明永,55.0,中国-四川-达州,先生,四川,100-500亿,51-60岁,2.2041199826559246
318,160.0,恒隆,房地产,陈谭庆芬,,,先生,未知,100-500亿,,2.2041199826559246
318,160.0,海亮,铜加工、投资,冯海良,64.0,中国-浙江,先生,浙江,100-500亿,61-70岁,2.2041199826559246
318,160.0,混沌投资,投资,葛卫东,55.0,,先生,未知,100-500亿,51-60岁,2.2041199826559246
318,160.0,大鸿辉,房地产,梁绍鸿,72.0,中国-香港,先生,香港,100-500亿,70岁以上,2.2041199826559246
318,160.0,美团,生活服务,穆荣均,44.0,,先生,未知,100-500亿,41-50岁,2.2041199826559246
318,160.0,阿里系,电子商务、金融科技,彭蕾,53.0,,先生,未知,100-500亿,51-60岁,2.2041199826559246
318,160.0,永隆,银行业,伍步高,80.0,中国-香港,先生,香港,100-500亿,70岁以上,2.2041199826559246
327,155.0,快手科技,传媒娱乐,程一笑,39.0,,先生,未知,100-500亿,40岁以下,2.1903316981702914
327,155.0,飞科电器,小家电,李丐腾,52.0,中国-浙江-温州,先生,浙江,100-500亿,51-60岁,2.1903316981702914
327,155.0,华南金控,金融服务,林明成,81.0,中国-台湾,先生,台湾,100-500亿,70岁以上,2.1903316981702914
327,155.0,百乐,房地产,罗家宝,75.0,,先生,未知,100-500亿,70岁以上,2.1903316981702914
327,155.0,智飞生物,疫苗,吴冠江,56.0,中国-四川-乐山,先生,四川,100-500亿,51-60岁,2.1903316981702914
327,155.0,神州,生物制药,谢良志,58.0,,先生,未知,100-500亿,51-60岁,2.1903316981702914
327,155.0,荣程,钢铁,张荣华,55.0,中国-天津,女士,天津,100-500亿,51-60岁,2.1903316981702914
327,155.0,三六零安全科技,网络信息服务,周鸿祎,54.0,中国-湖北-黄冈,先生,湖北,100-500亿,51-60岁,2.1903316981702914
335,150.0,奥飞娱乐,动漫,蔡东青,55.0,中国-广东-汕头,先生,广东,100-500亿,51-60岁,2.1760912590556813
335,150.0,神州通,投资,黄绍武,54.0,中国-江西-九江,先生,江西,100-500亿,51-60岁,2.1760912590556813
335,150.0,天瑞,水泥、铝业,李留法,65.0,中国-河南-平顶山,先生,河南,100-500亿,61-70岁,2.1760912590556813
335,150.0,迎驾,白酒,倪永培,72.0,中国-安徽-六安,先生,安徽,100-500亿,70岁以上,2.1760912590556813
335,150.0,扬子江船业,造船,任元林,71.0,中国-江苏-无锡,先生,江苏,100-500亿,70岁以上,2.1760912590556813
335,150.0,西子联合控股,电梯、锅炉、房地产,王水福,69.0,中国-浙江-杭州,先生,浙江,100-500亿,61-70岁,2.1760912590556813
335,150.0,顶新,食品和饮料,魏应州,70.0,中国-台湾,先生,台湾,100-500亿,61-70岁,2.1760912590556813
335,150.0,蓝天,消费电子产品,许昆泰,68.0,中国-台湾,先生,台湾,100-500亿,61-70岁,2.1760912590556813
335,150.0,远景能源,风电,张雷,48.0,中国-江苏-无锡,先生,江苏,100-500亿,41-50岁,2.1760912590556813
335,150.0,宁德时代,锂电池,赵丰刚,58.0,,先生,未知,100-500亿,51-60岁,2.1760912590556813
345,145.0,完美世界,网游、影视娱乐,池宇峰,53.0,中国-湖北,先生,湖北,100-500亿,51-60岁,2.161368002234975
345,145.0,天合光能,光伏产品,高纪凡,59.0,,先生,未知,100-500亿,51-60岁,2.161368002234975
345,145.0,海普瑞,医药,李锂,60.0,中国-四川-眉山,先生,四川,100-500亿,51-60岁,2.161368002234975
345,145.0,雅戈尔,服装、房地产、投资,李如成,73.0,中国-浙江-绍兴,先生,浙江,100-500亿,70岁以上,2.161368002234975
345,145.0,康哲药业,医药,林刚,60.0,中国-广东,先生,广东,100-500亿,51-60岁,2.161368002234975
345,145.0,韵达,物流,聂腾云,48.0,,先生,未知,100-500亿,41-50岁,2.161368002234975
345,145.0,滨江,房地产,戚金兴,62.0,中国-浙江,先生,浙江,100-500亿,61-70岁,2.161368002234975
345,145.0,VIVO,消费电子产品,沈炜,,,先生,未知,100-500亿,,2.161368002234975
353,140.0,珀莱雅,化妆品,侯军呈,60.0,中国-浙江-温州,先生,浙江,100-500亿,51-60岁,2.146128035678238
353,140.0,正泰,工业电器、投资,南存辉,61.0,中国-山东-济宁,先生,山东,100-500亿,61-70岁,2.146128035678238
353,140.0,海天味业,调味品,潘来灿,,,先生,未知,100-500亿,,2.146128035678238
353,140.0,华大基因、碳云,基因检测、医疗大数据,汪建,70.0,中国-湖南,先生,湖南,100-500亿,61-70岁,2.146128035678238
353,140.0,先导智能,自动化设备,王燕清,58.0,中国-江苏-无锡,先生,江苏,100-500亿,51-60岁,2.146128035678238
353,140.0,锦浪科技,光伏逆变器,王一鸣,43.0,,先生,未知,100-500亿,41-50岁,2.146128035678238
353,140.0,光线传媒,影视娱乐,王长田,59.0,中国-辽宁-大连,先生,辽宁,100-500亿,51-60岁,2.146128035678238
353,140.0,顶新,食品和饮料,魏应充,67.0,中国-台湾,先生,台湾,100-500亿,61-70岁,2.146128035678238
353,140.0,顶新,食品和饮料,魏应交,69.0,中国-台湾,先生,台湾,100-500亿,61-70岁,2.146128035678238
353,140.0,顶新,食品和饮料,魏应行,65.0,中国-台湾,先生,台湾,100-500亿,61-70岁,2.146128035678238
353,140.0,宁德时代,锂电池,吴凯,56.0,,先生,未知,100-500亿,51-60岁,2.146128035678238
353,140.0,沪电股份,印制电路板,吴礼淦,83.0,中国-台湾,先生,台湾,100-500亿,70岁以上,2.146128035678238
353,140.0,仲盛,投资、房地产,叶立培,80.0,中国-上海,先生,上海,100-500亿,70岁以上,2.146128035678238
353,140.0,富兴,汽车服务，产业园区,易大盛,63.0,,先生,未知,100-500亿,61-70岁,2.146128035678238
353,140.0,新东方,教育,俞敏洪,62.0,中国-江苏-无锡,先生,江苏,100-500亿,61-70岁,2.146128035678238
353,140.0,永利,轻纺、房地产、投资,周永利,68.0,中国-浙江-绍兴,先生,浙江,100-500亿,61-70岁,2.146128035678238
353,140.0,传音,消费电子产品,竺兆江,51.0,,先生,未知,100-500亿,51-60岁,2.146128035678238
353,140.0,联发科技,半导体,卓志哲,,中国-台湾-鹿港,先生,台湾,100-500亿,,2.146128035678238
371,135.0,成都环球世纪,投资、房地产,邓鸿,61.0,中国-四川,先生,四川,100-500亿,61-70岁,2.130333768495006
371,135.0,健帆生物,生物医疗设备,董凡,54.0,,先生,未知,100-500亿,51-60岁,2.130333768495006
371,135.0,协成行,房地产,方文雄,,中国-广东-东莞,先生,广东,100-500亿,,2.130333768495006
371,135.0,新濠国际,博彩,何猷龙,48.0,中国-香港,先生,香港,100-500亿,41-50岁,2.130333768495006
371,135.0,华新丽华,半导体,焦佑伦,66.0,,先生,未知,100-500亿,61-70岁,2.130333768495006
371,135.0,三安,LED,林秀成,69.0,中国-福建-泉州,先生,福建,100-500亿,61-70岁,2.130333768495006
371,135.0,卫龙,食品,刘卫平,45.0,中国-湖南-平江,先生,湖南,100-500亿,41-50岁,2.130333768495006
371,135.0,香江,房地产、金融,刘志强,60.0,中国-广东,先生,广东,100-500亿,51-60岁,2.130333768495006
371,135.0,雅克科技,化工新材料,沈锡强,76.0,中国-江苏-无锡,先生,江苏,100-500亿,70岁以上,2.130333768495006
371,135.0,五星投资,电子商务、儿童用品连锁,汪建国,64.0,中国-江苏-苏州,先生,江苏,100-500亿,61-70岁,2.130333768495006
371,135.0,亚德客,工业机械,王世忠,,中国-台湾,先生,台湾,100-500亿,,2.130333768495006
371,135.0,美心,餐饮,伍伟国,54.0,中国-香港,先生,香港,100-500亿,51-60岁,2.130333768495006
371,135.0,五江轻化,钛合金、保温容器,肖安江,61.0,中国-湖南-娄底,先生,湖南,100-500亿,61-70岁,2.130333768495006
371,135.0,五江轻化,钛合金、保温容器,肖自江,74.0,中国-湖南-娄底,先生,湖南,100-500亿,70岁以上,2.130333768495006
371,135.0,鼎力,机械制造,许树根,59.0,中国-浙江,先生,浙江,100-500亿,51-60岁,2.130333768495006
371,135.0,东山精密,精密铸件,袁富根,74.0,中国-江苏-苏州,先生,江苏,100-500亿,70岁以上,2.130333768495006
371,135.0,博赛矿业,矿业,袁志伦,60.0,中国-重庆,先生,重庆,100-500亿,51-60岁,2.130333768495006
388,130.0,大立光,电子元件,陈世卿,75.0,中国-台湾-台北,先生,台湾,100-500亿,70岁以上,2.113943352306837
388,130.0,腾讯,互联网服务,陈一丹,53.0,中国-广东-深圳,先生,广东,100-500亿,51-60岁,2.113943352306837
388,130.0,创新集团,有色金属,崔立新,,,先生,未知,100-500亿,,2.113943352306837
388,130.0,菲鹏生物,生物科技,崔鹏,47.0,,先生,未知,100-500亿,41-50岁,2.113943352306837
388,130.0,合盛,硅材料,黄达文,64.0,中国-香港,先生,香港,100-500亿,61-70岁,2.113943352306837
388,130.0,新英才,教育、生物医药、房地产、投资,兰春,58.0,,先生,未知,100-500亿,51-60岁,2.113943352306837
388,130.0,赣锋锂业,有色金属冶炼加工,李良彬,57.0,中国-江西-宜春,先生,江西,100-500亿,51-60岁,2.113943352306837
388,130.0,东方雨虹,防水材料,李卫国,59.0,中国-湖南-常德,先生,湖南,100-500亿,51-60岁,2.113943352306837
388,130.0,晶科能源,太阳能,李仙德,49.0,,先生,未知,100-500亿,41-50岁,2.113943352306837
388,130.0,东明石化,石油化工,李湘平,,,先生,未知,100-500亿,,2.113943352306837
388,130.0,汤臣倍健,保健品,梁允超,55.0,中国-湖北-武汉,先生,湖北,100-500亿,51-60岁,2.113943352306837
388,130.0,科伦药业,制药、医药流通,刘革新,73.0,中国-湖北,先生,湖北,100-500亿,70岁以上,2.113943352306837
388,130.0,万达控股,轮胎、电缆、化工,尚吉永,56.0,中国-山东,先生,山东,100-500亿,51-60岁,2.113943352306837
388,130.0,联美,房地产、投资,苏素玉,76.0,中国-广东-汕头,先生,广东,100-500亿,70岁以上,2.113943352306837
388,130.0,均瑶,房地产、航空、零售,王均金,56.0,,先生,未知,100-500亿,51-60岁,2.113943352306837
388,130.0,丰泰,服装,王秋雄,81.0,中国-台湾,先生,台湾,100-500亿,70岁以上,2.113943352306837
388,130.0,三七互娱,网络游戏,吴绪顺,76.0,中国-安徽-芜湖,先生,安徽,100-500亿,70岁以上,2.113943352306837
388,130.0,坤彩科技,珠光材料,谢秉昆,58.0,,先生,未知,100-500亿,51-60岁,2.113943352306837
388,130.0,龙佰,钛白粉,许冉,,,未知,未知,100-500亿,,2.113943352306837
388,130.0,星宇航空,航空,张国炜,,,先生,未知,100-500亿,,2.113943352306837
388,130.0,景田,饮料,周敬良,74.0,中国-海南-海口,先生,海南,100-500亿,70岁以上,2.113943352306837
388,130.0,汇川技术,工业自动化产品,朱兴明,57.0,中国-湖南,先生,湖南,100-500亿,51-60岁,2.113943352306837
410,125.0,江波龙,半导体,蔡华波,48.0,,先生,未知,100-500亿,41-50岁,2.0969100130080562
410,125.0,德龙,钢铁、天然气,丁立国,54.0,中国-河北-任丘,先生,河北,100-500亿,51-60岁,2.0969100130080562
410,125.0,安踏,体育用品,丁雅丽,,中国-福建-泉州,先生,福建,100-500亿,,2.0969100130080562
410,125.0,恒瑞,医药,董伟,53.0,,先生,未知,100-500亿,51-60岁,2.0969100130080562
410,125.0,小米,智能硬件与技术,洪锋,,,先生,未知,100-500亿,,2.0969100130080562
410,125.0,奇正藏药,医药,雷菊芳,71.0,中国-甘肃-定西,女士,甘肃,100-500亿,70岁以上,2.0969100130080562
410,125.0,飞尚,有色金属、钢铁、物流,李非列,58.0,中国-北京,先生,北京,100-500亿,51-60岁,2.0969100130080562
410,125.0,老干妈,食品,李妙行,,,先生,未知,100-500亿,,2.0969100130080562
410,125.0,千味央厨,食品、房地产,李伟,56.0,中国-河南,先生,河南,100-500亿,51-60岁,2.0969100130080562
410,125.0,丝宝,日化、投资,梁亮胜,73.0,中国-广东-梅州,先生,广东,100-500亿,70岁以上,2.0969100130080562
410,125.0,川湖科技,五金配件,林聪吉,,,未知,未知,100-500亿,,2.0969100130080562
410,125.0,嘉鑫,钢铁、铁矿石进出口、房地产,吕慧,75.0,,先生,未知,100-500亿,70岁以上,2.0969100130080562
410,125.0,森马,服装,邱光和,73.0,中国-浙江-温州,先生,浙江,100-500亿,70岁以上,2.0969100130080562
410,125.0,华为,消费电子、电讯,任正非,80.0,中国-贵州-安顺,先生,贵州,100-500亿,70岁以上,2.0969100130080562
410,125.0,盛虹,印染、化纤、房地产,唐金奎,69.0,中国-江苏-苏州,先生,江苏,100-500亿,61-70岁,2.0969100130080562
410,125.0,今日资本,投资,徐新,58.0,,先生,未知,100-500亿,51-60岁,2.0969100130080562
410,125.0,匹克,体育用品,许景南,69.0,中国-福建-泉州,先生,福建,100-500亿,61-70岁,2.0969100130080562
410,125.0,天士力,医药,闫希军,71.0,中国-甘肃-庆阳,先生,甘肃,100-500亿,70岁以上,2.0969100130080562
410,125.0,裕隆,汽车销售,严陈莉莲,59.0,中国-台湾,女士,台湾,100-500亿,51-60岁,2.0969100130080562
410,125.0,祥源控股,基础设施建设、房地产,俞发祥,53.0,中国-浙江-绍兴,先生,浙江,100-500亿,51-60岁,2.0969100130080562
410,125.0,金发科技,化工塑料,袁志敏,63.0,中国-四川,先生,四川,100-500亿,61-70岁,2.0969100130080562
410,125.0,日月光,工业品、房地产,张洪本,78.0,中国-台湾,先生,台湾,100-500亿,70岁以上,2.0969100130080562
410,125.0,格科微,CMOS图像传感器,赵立新,58.0,,先生,未知,100-500亿,51-60岁,2.0969100130080562
433,120.0,恒裕,房地产、投资,龚俊龙,65.0,中国-广东-汕尾,先生,广东,100-500亿,61-70岁,2.0791812460476247
433,120.0,小米,智能硬件与技术,黄江吉,,,先生,未知,100-500亿,,2.0791812460476247
433,120.0,中升控股,汽车销售,黄毅,61.0,,先生,未知,100-500亿,61-70岁,2.0791812460476247
433,120.0,大华,房地产,金惠明,71.0,中国-上海,先生,上海,100-500亿,70岁以上,2.0791812460476247
433,120.0,中通,快递,赖建法,55.0,,先生,未知,100-500亿,51-60岁,2.0791812460476247
433,120.0,小米,智能硬件与技术,黎万强,47.0,中国-广东,先生,广东,100-500亿,41-50岁,2.0791812460476247
433,120.0,老干妈,食品,李贵山,,,先生,未知,100-500亿,,2.0791812460476247
433,120.0,永锋,钢铁,刘锋,54.0,中国-山东,先生,山东,100-500亿,51-60岁,2.0791812460476247
433,120.0,大疆,无人机,陆地,,,先生,未知,100-500亿,,2.0791812460476247
433,120.0,梅花,食用调味品,孟庆山,76.0,中国-河北,先生,河北,100-500亿,70岁以上,2.0791812460476247
433,120.0,小红书,生活服务平台、电商,瞿芳,,,未知,未知,100-500亿,,2.0791812460476247
433,120.0,均瑶,房地产、航空、零售,王瀚,37.0,,先生,未知,100-500亿,40岁以下,2.0791812460476247
433,120.0,鄂尔多斯,羊绒、煤电、冶金、房地产,王林祥,73.0,中国-内蒙古-包头,先生,内蒙古,100-500亿,70岁以上,2.0791812460476247
433,120.0,温氏食品,家禽养殖畜牧,温鹏程,62.0,中国-广东-云浮,先生,广东,100-500亿,61-70岁,2.0791812460476247
433,120.0,天赐材料,化学原料制品,徐金富,60.0,中国-广东-广州,先生,广东,100-500亿,51-60岁,2.0791812460476247
433,120.0,赫基国际,服装,徐宇,52.0,中国-广东-广州,先生,广东,100-500亿,51-60岁,2.0791812460476247
433,120.0,沐瞳科技,游戏,徐振华,45.0,中国-上海,先生,上海,100-500亿,41-50岁,2.0791812460476247
433,120.0,旭阳,煤炭、化工,杨雪岗,59.0,中国-河北-邢台,先生,河北,100-500亿,51-60岁,2.0791812460476247
433,120.0,英业达,电脑产品,叶国一,83.0,中国-台湾,先生,台湾,100-500亿,70岁以上,2.0791812460476247
433,120.0,红豆,服装、橡胶轮胎、房地产,周耀庭,81.0,中国-江苏-无锡,先生,江苏,100-500亿,70岁以上,2.0791812460476247
433,120.0,爱山林,房地产,祝文宇,,,未知,未知,100-500亿,,2.0791812460476247
454,115.0,宁德时代,锂电池,陈琼香,,,先生,未知,100-500亿,,2.060697840353612
454,115.0,美的,家电制造,方洪波,57.0,中国-安徽-安庆,先生,安徽,100-500亿,51-60岁,2.060697840353612
454,115.0,三棵树,涂料,洪杰,57.0,,先生,未知,100-500亿,51-60岁,2.060697840353612
454,115.0,三美化工,化工,胡荣达,65.0,中国-浙江,先生,浙江,100-500亿,61-70岁,2.060697840353612
454,115.0,联塑,建材家居,黄联禧,61.0,中国-广东-佛山,先生,广东,100-500亿,61-70岁,2.060697840353612
454,115.0,财富趋势,金融软件,黄山,54.0,中国-湖北-武汉,先生,湖北,100-500亿,51-60岁,2.060697840353612
454,115.0,大中华地产,房地产,黄世再,73.0,中国-广东-揭阳,先生,广东,100-500亿,70岁以上,2.060697840353612
454,115.0,岱美股份,汽车内饰,姜银台,74.0,,先生,未知,100-500亿,70岁以上,2.060697840353612
454,115.0,海天味业,调味品,赖建平,,,先生,未知,100-500亿,,2.060697840353612
454,115.0,上美,化妆品,吕义雄,47.0,中国-广东-汕头,先生,广东,100-500亿,41-50岁,2.060697840353612
454,115.0,欧普照明,节能灯,马秀慧,53.0,,先生,未知,100-500亿,51-60岁,2.060697840353612
454,115.0,奇安信,网络安全,齐向东,59.0,,先生,未知,100-500亿,51-60岁,2.060697840353612
454,115.0,华勤技术,消费电子,邱文生,,,先生,未知,100-500亿,,2.060697840353612
454,115.0,泰康,保险,任道德,64.0,,先生,未知,100-500亿,61-70岁,2.060697840353612
454,115.0,宁德时代,锂电池,吴映明,57.0,,先生,未知,100-500亿,51-60岁,2.060697840353612
454,115.0,美年健康,医疗服务,俞熔,53.0,,先生,未知,100-500亿,51-60岁,2.060697840353612
454,115.0,嘉立创,半导体,袁江涛,,,先生,未知,100-500亿,,2.060697840353612
471,110.0,景嘉微,电子器件制造,曾万辉,56.0,中国-湖南,先生,湖南,100-500亿,51-60岁,2.041392685158225
471,110.0,后英,耐火材料、钢铁、矿业,何著胜,77.0,中国-辽宁,先生,辽宁,100-500亿,70岁以上,2.041392685158225
471,110.0,和邦股份,矿产、化工,贺正刚,70.0,,先生,未知,100-500亿,61-70岁,2.041392685158225
471,110.0,多弗,贸易、房地产,胡兴荣,43.0,中国-浙江-温州,先生,浙江,100-500亿,41-50岁,2.041392685158225
471,110.0,爱尔眼科,医疗服务,李力,59.0,中国-湖南-长沙,先生,湖南,100-500亿,51-60岁,2.041392685158225
471,110.0,亚特,投资、有色金属,李明,56.0,中国-甘肃-陇南,先生,甘肃,100-500亿,51-60岁,2.041392685158225
471,110.0,三木,化工、铜加工、电线电缆,刘洪林,73.0,中国-江苏-无锡,先生,江苏,100-500亿,70岁以上,2.041392685158225
471,110.0,普洛斯,物流地产、投资,梅志明,52.0,,先生,未知,100-500亿,51-60岁,2.041392685158225
471,110.0,德昌电机,工业产品,汪顾亦珍,107.0,中国-香港,先生,香港,100-500亿,,2.041392685158225
471,110.0,均胜投资,汽车零部件制造,王剑峰,54.0,,先生,未知,100-500亿,51-60岁,2.041392685158225
471,110.0,安踏,体育用品,王文默,68.0,中国-福建,先生,福建,100-500亿,61-70岁,2.041392685158225
471,110.0,鼎晖,投资,吴尚志,74.0,中国-北京,先生,北京,100-500亿,70岁以上,2.041392685158225
471,110.0,伟明环保,垃圾发电,项光明,61.0,中国-浙江-温州,先生,浙江,100-500亿,61-70岁,2.041392685158225
471,110.0,腾讯,互联网服务,许晨晔,53.0,,先生,未知,100-500亿,51-60岁,2.041392685158225
471,110.0,海大,饲料,许英灼,59.0,中国-广东-潮州,先生,广东,100-500亿,51-60岁,2.041392685158225
471,110.0,致达,信息、金融、投资,严健军,59.0,中国-浙江-宁波,先生,浙江,100-500亿,51-60岁,2.041392685158225
471,110.0,养元饮品,饮料,姚奎章,59.0,,先生,未知,100-500亿,51-60岁,2.041392685158225
471,110.0,乐游科技,投资,郁国祥,54.0,,先生,未知,100-500亿,51-60岁,2.041392685158225
471,110.0,彤程新材,化工原料,张宁,50.0,,女士,未知,100-500亿,41-50岁,2.041392685158225
471,110.0,红狮控股,水泥,章小华,56.0,,先生,未知,100-500亿,51-60岁,2.041392685158225
471,110.0,迈富时,SaaS解决方案,赵绪龙,,中国-浙江-杭州,未知,浙江,100-500亿,,2.041392685158225
471,110.0,伽蓝,化妆品,郑春颖,,中国-辽宁-辽阳,先生,辽宁,100-500亿,,2.041392685158225
471,110.0,周大生,珠宝,周宗文,67.0,,先生,未知,100-500亿,61-70岁,2.041392685158225
494,105.0,霖园,金融服务,蔡镇球,59.0,中国-台湾-台北,先生,台湾,100-500亿,51-60岁,2.0211892990699383
494,105.0,石头科技,智能机器人,昌敬,42.0,,先生,未知,100-500亿,41-50岁,2.0211892990699383
494,105.0,华泰,农副食品加工业,陈先保,65.0,中国-安徽-合肥,先生,安徽,100-500亿,61-70岁,2.0211892990699383
494,105.0,惠泰医疗,医疗器械,成正辉,60.0,中国-广东-深圳,先生,广东,100-500亿,51-60岁,2.0211892990699383
494,105.0,中天钢铁,钢铁、投资,董才平,61.0,中国-江苏-常州,先生,江苏,100-500亿,61-70岁,2.0211892990699383
494,105.0,甘李药业,生物制药,甘忠如,76.0,,先生,未知,100-500亿,70岁以上,2.0211892990699383
494,105.0,均和,钢铁贸易,何旗,42.0,,先生,未知,100-500亿,41-50岁,2.0211892990699383
494,105.0,宋城,旅游、房地产,黄巧灵,66.0,中国-浙江,先生,浙江,100-500亿,61-70岁,2.0211892990699383
494,105.0,康弘药业,制药,柯尊洪,70.0,中国-四川-雅安,先生,四川,100-500亿,61-70岁,2.0211892990699383
494,105.0,嘉德,投资、拍卖,陆昂,61.0,,女士,未知,100-500亿,61-70岁,2.0211892990699383
494,105.0,统一,食品和饮料,罗智先,68.0,中国-台湾-台南,先生,台湾,100-500亿,61-70岁,2.0211892990699383
494,105.0,乐普,医疗设备,蒲忠杰,61.0,,先生,未知,100-500亿,61-70岁,2.0211892990699383
494,105.0,欣旺达,电子部件,王明旺,57.0,中国-广东-茂名,先生,广东,100-500亿,51-60岁,2.0211892990699383
494,105.0,行云集团,企业服务,王维,43.0,中国-上海,先生,上海,100-500亿,41-50岁,2.0211892990699383
494,105.0,宏达,半导体,王雪红,66.0,中国-台湾-新北,先生,台湾,100-500亿,61-70岁,2.0211892990699383
494,105.0,恒安,个人护理用品,许连捷,71.0,中国-福建-泉州,先生,福建,100-500亿,70岁以上,2.0211892990699383
494,105.0,东华软件,软件与信息服务,薛向东,65.0,中国-山东-泰安,先生,山东,100-500亿,61-70岁,2.0211892990699383
494,105.0,泰格医药,医药,叶小平,61.0,中国-浙江-嘉兴,先生,浙江,100-500亿,61-70岁,2.0211892990699383
494,105.0,地平线,智能芯片,余凯,,,先生,未知,100-500亿,,2.0211892990699383
494,105.0,赛轮轮胎,轮胎,袁仲雪,69.0,,先生,未知,100-500亿,61-70岁,2.0211892990699383
494,105.0,好未来,教育,张邦鑫,44.0,中国-江苏,先生,江苏,100-500亿,41-50岁,2.0211892990699383
494,105.0,明阳智能,新能源,张传卫,62.0,中国-河南-信阳,先生,河南,100-500亿,61-70岁,2.0211892990699383
494,105.0,振石控股,房地产、矿产,张毓强,69.0,中国-浙江-嘉兴,先生,浙江,100-500亿,61-70岁,2.0211892990699383
517,100.0,晶科能源,太阳能,陈康平,51.0,,先生,未知,50-100亿,51-60岁,2.0
517,100.0,滴滴出行,生活服务平台,程维,41.0,中国-江西-上饶,先生,江西,50-100亿,41-50岁,2.0
517,100.0,百丽,服装与配饰,邓耀,90.0,中国-香港,先生,香港,50-100亿,70岁以上,2.0
517,100.0,步步高,投资,段永平,63.0,中国-江西-南昌,先生,江西,50-100亿,61-70岁,2.0
517,100.0,兆驰股份,消费电子产品,顾伟,59.0,中国-江西-南昌,先生,江西,50-100亿,51-60岁,2.0
517,100.0,合和实业,房地产、建筑工程,胡应湘,89.0,中国-香港,先生,香港,50-100亿,70岁以上,2.0
517,100.0,创维,家用电器,黄宏生,68.0,中国-海南-临高,先生,海南,50-100亿,61-70岁,2.0
517,100.0,东亚银行,银行业,李国宝,85.0,伦敦,先生,伦敦,50-100亿,70岁以上,2.0
517,100.0,龙蟒,钛白粉、磷化工,李家权,61.0,中国-四川,先生,四川,50-100亿,61-70岁,2.0
517,100.0,稳健医疗,医疗用品,李建全,67.0,,先生,未知,50-100亿,61-70岁,2.0
517,100.0,赤峰黄金,金矿,李金阳,,,女士,未知,50-100亿,,2.0
517,100.0,李宁,体育用品、投资,李宁,61.0,中国-广西-来宾,先生,广西,50-100亿,61-70岁,2.0
517,100.0,石基,软件与信息服务,李仲初,61.0,中国-湖南-娄底,先生,湖南,50-100亿,61-70岁,2.0
517,100.0,瑞芯微,集成电路,励民,59.0,,先生,未知,50-100亿,51-60岁,2.0
517,100.0,金辉,房地产,林定强,58.0,中国-福建-福州,先生,福建,50-100亿,51-60岁,2.0
517,100.0,英科医疗,医疗器械,刘方毅,54.0,,先生,未知,50-100亿,51-60岁,2.0
517,100.0,森麒麟,轮胎,秦龙,59.0,,先生,未知,50-100亿,51-60岁,2.0
517,100.0,新产业,医疗器械,饶微,60.0,,先生,未知,50-100亿,51-60岁,2.0
517,100.0,大北农,饲料、种业,邵根伙,59.0,中国-浙江-金华,先生,浙江,50-100亿,51-60岁,2.0
517,100.0,恒安,个人护理用品,施文博,74.0,中国-福建-泉州,先生,福建,50-100亿,70岁以上,2.0
517,100.0,鲁花,食用油,孙孟全,74.0,,先生,未知,50-100亿,70岁以上,2.0
517,100.0,三一,重型机械,唐修国,61.0,中国-湖南,先生,湖南,50-100亿,61-70岁,2.0
517,100.0,美亚光电,专用设备制造业,田明,71.0,中国-安徽,先生,安徽,50-100亿,70岁以上,2.0
517,100.0,双汇,食品,万隆,84.0,中国-河南-漯河,先生,河南,50-100亿,70岁以上,2.0
517,100.0,居然之家,家居建材,汪林朋,55.0,中国-湖北-黄冈,先生,湖北,50-100亿,51-60岁,2.0
517,100.0,新光,金融、医院,吴东进,79.0,中国-台湾-台北,先生,台湾,50-100亿,70岁以上,2.0
517,100.0,大疆,无人机,谢嘉,,,先生,未知,50-100亿,,2.0
517,100.0,得物,电商,杨冰,39.0,中国-江西-,先生,江西,50-100亿,40岁以下,2.0
517,100.0,英雄互娱,电竞游戏,应书岭,43.0,中国-上海,先生,上海,50-100亿,41-50岁,2.0
517,100.0,豪迈科技,机械制造,张恭运,61.0,,先生,未知,50-100亿,61-70岁,2.0
517,100.0,华美国际,投资、房地产,张克强,64.0,中国-广东,先生,广东,50-100亿,61-70岁,2.0
517,100.0,敷尔佳,护肤品,张立国,60.0,,先生,未知,50-100亿,51-60岁,2.0
517,100.0,秀水街,房地产,张永平,63.0,,先生,未知,50-100亿,61-70岁,2.0
517,100.0,优必选,机器人,周剑,48.0,中国-上海,先生,上海,50-100亿,41-50岁,2.0
551,95.0,仙妮雷德,医疗保健,陈得福,76.0,中国-台湾-嘉义,先生,台湾,50-100亿,70岁以上,1.9777236052888478
551,95.0,海思科,医药,范秀莲,61.0,中国-辽宁-沈阳,先生,辽宁,50-100亿,61-70岁,1.9777236052888478
551,95.0,圆心科技,互联网医院,何涛,44.0,,先生,未知,50-100亿,41-50岁,1.9777236052888478
551,95.0,鼎晖,投资,焦震,58.0,,先生,未知,50-100亿,51-60岁,1.9777236052888478
551,95.0,佰仁医疗,医疗器械,金磊,70.0,,先生,未知,50-100亿,61-70岁,1.9777236052888478
551,95.0,恩捷股份,包装盒生产,李晓明,66.0,,先生,未知,50-100亿,61-70岁,1.9777236052888478
551,95.0,璞泰来,锂电池材料,梁丰,56.0,,先生,未知,50-100亿,51-60岁,1.9777236052888478
551,95.0,众兴,矿业,林来嵘,56.0,中国-内蒙古-巴彦淖尔市,先生,内蒙古,50-100亿,51-60岁,1.9777236052888478
551,95.0,蓝月亮,日化用品,罗秋平,61.0,中国-湖北-荆门,先生,湖北,50-100亿,61-70岁,1.9777236052888478
551,95.0,新瑞鹏,宠物医院,彭永鹤,55.0,,先生,未知,50-100亿,51-60岁,1.9777236052888478
551,95.0,侨源股份,液态气体,乔志涌,60.0,中国-四川,先生,四川,50-100亿,51-60岁,1.9777236052888478
551,95.0,中信泰富,投资、房地产,荣智健,82.0,中国-上海,先生,上海,50-100亿,70岁以上,1.9777236052888478
551,95.0,和泰汽车,汽车零售,苏纯兴,,中国-台湾-台北,先生,台湾,50-100亿,,1.9777236052888478
551,95.0,金鹰,零售、房地产,王恒,76.0,中国-广东-广州,先生,广东,50-100亿,70岁以上,1.9777236052888478
551,95.0,均瑶,房地产、航空、零售,王均豪,52.0,中国-浙江-温州,先生,浙江,50-100亿,51-60岁,1.9777236052888478
551,95.0,新城,房地产,王振华,62.0,中国-江苏,先生,江苏,50-100亿,61-70岁,1.9777236052888478
551,95.0,新光,金融,吴东亮,,中国-台湾-台北,先生,台湾,50-100亿,,1.9777236052888478
551,95.0,比特小鹿,芯片、矿机,吴忌寒,38.0,中国-重庆,先生,重庆,50-100亿,40岁以下,1.9777236052888478
551,95.0,美科股份,太阳能设备,吴美蓉,64.0,,先生,未知,50-100亿,61-70岁,1.9777236052888478
551,95.0,健友股份,原料药,谢菊华,73.0,,先生,未知,50-100亿,70岁以上,1.9777236052888478
551,95.0,小米,智能硬件与技术、投资,许达来,53.0,新加坡,先生,新加坡,50-100亿,51-60岁,1.9777236052888478
551,95.0,锦波,生物医药,杨霞,50.0,,女士,未知,50-100亿,41-50岁,1.9777236052888478
551,95.0,综艺,新能源、信息科技、投资,昝圣达,61.0,中国-江苏-南通,先生,江苏,50-100亿,61-70岁,1.9777236052888478
551,95.0,圣邦,模拟芯片,张世龙,58.0,,先生,未知,50-100亿,51-60岁,1.9777236052888478
551,95.0,大晟文化,文化娱乐,周镇科,49.0,中国-广东-汕头,先生,广东,50-100亿,41-50岁,1.9777236052888478
576,90.0,台积电,半导体,曾繁城,,,先生,未知,50-100亿,,1.954242509439325
576,90.0,鸣志电器,控制电机,常建鸣,59.0,,先生,未知,50-100亿,51-60岁,1.954242509439325
576,90.0,桐昆,化纤、房地产,陈士良,61.0,中国-浙江-嘉兴,先生,浙江,50-100亿,61-70岁,1.954242509439325
576,90.0,胜宏科技,高密度印制电路板,陈涛,52.0,中国-甘肃-陇南,先生,甘肃,50-100亿,51-60岁,1.954242509439325
576,90.0,亿联网络,通信,陈智松,58.0,,先生,未知,50-100亿,51-60岁,1.954242509439325
576,90.0,雅居乐,投资、房地产,陈卓林,62.0,中国-广东-中山,先生,广东,50-100亿,61-70岁,1.954242509439325
576,90.0,天味食品,食品,邓文,56.0,中国-四川-成都,先生,四川,50-100亿,51-60岁,1.954242509439325
576,90.0,嘉立创,半导体,丁会,,,先生,未知,50-100亿,,1.954242509439325
576,90.0,嘉立创,半导体,丁会响,,,先生,未知,50-100亿,,1.954242509439325
576,90.0,思源电气,输配电设备,董增平,54.0,,先生,未知,50-100亿,51-60岁,1.954242509439325
576,90.0,圣农,农业,傅光明,70.0,中国-江西-抚州,先生,江西,50-100亿,61-70岁,1.954242509439325
576,90.0,大族激光,激光设备,高云峰,57.0,,先生,未知,50-100亿,51-60岁,1.954242509439325
576,90.0,神农集团,畜牧,何祖训,59.0,中国-云南-曲靖,先生,云南,50-100亿,51-60岁,1.954242509439325
576,90.0,联泰,基础建设、房地产,黄建勲,59.0,,先生,未知,50-100亿,51-60岁,1.954242509439325
576,90.0,汉辰科技,半导体,黄民奇,72.0,中国-台湾,先生,台湾,50-100亿,70岁以上,1.954242509439325
576,90.0,景旺电子,印刷电路板,黄小芬,61.0,中国-广东-深圳,女士,广东,50-100亿,61-70岁,1.954242509439325
576,90.0,景田,饮料,赖苗,,,先生,未知,50-100亿,,1.954242509439325
576,90.0,昆仑万维,互联网游戏、投资,李琼,47.0,,先生,未知,50-100亿,41-50岁,1.954242509439325
576,90.0,希慎兴业,房地产,利蕴莲,70.0,中国-香港,先生,香港,50-100亿,61-70岁,1.954242509439325
576,90.0,利福国际,房地产,刘銮鸿,71.0,中国-香港,先生,香港,50-100亿,70岁以上,1.954242509439325
576,90.0,联东,房地产,刘振东,53.0,中国-河北-唐山,先生,河北,50-100亿,51-60岁,1.954242509439325
576,90.0,阿里系,电子商务、金融科技,陆兆禧,55.0,中国-广东-广州,先生,广东,50-100亿,51-60岁,1.954242509439325
576,90.0,鹰君,房地产,罗嘉瑞,71.0,中国-香港,先生,香港,50-100亿,70岁以上,1.954242509439325
576,90.0,华勤,轮胎、输送带、电力,牛宜顺,69.0,中国-浙江-温州,先生,浙江,50-100亿,61-70岁,1.954242509439325
576,90.0,伊利,乳制品,潘刚,54.0,中国-内蒙古-锡林郭勒盟,先生,内蒙古,50-100亿,51-60岁,1.954242509439325
576,90.0,乖宝宠物,宠物食品,秦华,56.0,,先生,未知,50-100亿,51-60岁,1.954242509439325
576,90.0,老板电器,家用电器,任建华,67.0,中国-浙江-杭州,先生,浙江,50-100亿,61-70岁,1.954242509439325
576,90.0,唯品会,新零售,沈亚,53.0,中国-浙江-温州,先生,浙江,50-100亿,51-60岁,1.954242509439325
576,90.0,荣和,房地产,史英文,59.0,中国-广西-南宁,先生,广西,50-100亿,51-60岁,1.954242509439325
576,90.0,长隆,旅游,苏志刚,66.0,中国-广东-广州,先生,广东,50-100亿,61-70岁,1.954242509439325
576,90.0,联合报业,传媒,王文杉,54.0,中国-台湾-台中,先生,台湾,50-100亿,51-60岁,1.954242509439325
576,90.0,桃李面包,食品,吴志刚,89.0,中国-辽宁,先生,辽宁,50-100亿,70岁以上,1.954242509439325
576,90.0,东方电缆,电缆,夏崇耀,65.0,,先生,未知,50-100亿,61-70岁,1.954242509439325
576,90.0,三一,重型机械,向文波,62.0,中国-湖南-益阳,先生,湖南,50-100亿,61-70岁,1.954242509439325
576,90.0,九丰能源,能源,张建国,61.0,中国-广东-茂名,先生,广东,50-100亿,61-70岁,1.954242509439325
576,90.0,能兴,房地产、投资,钟乃雄,61.0,,先生,未知,50-100亿,61-70岁,1.954242509439325
576,90.0,趣加科技,游戏,钟英武,39.0,中国-湖南-岳阳,先生,湖南,50-100亿,40岁以下,1.954242509439325
576,90.0,先导科技,稀散金属,朱世会,57.0,中国-广东-广州,先生,广东,50-100亿,51-60岁,1.954242509439325
576,90.0,景旺电子,印刷电路板,卓军,,中国-香港,女士,香港,50-100亿,,1.954242509439325
615,88.0,三一,重型机械,毛中吾,62.0,中国-湖南,先生,湖南,50-100亿,61-70岁,1.9444826721501687
616,86.0,凯莱英,医药,洪浩,68.0,,先生,未知,50-100亿,61-70岁,1.9344984512435677
616,86.0,昆仑万维,互联网游戏、投资,周亚辉,47.0,中国-云南-丽江,先生,云南,50-100亿,41-50岁,1.9344984512435677
618,85.0,双胞胎,畜牧,鲍洪星,60.0,中国-江西-龙南,先生,江西,50-100亿,51-60岁,1.9294189257142926
618,85.0,联邦制药,医药,蔡海山,46.0,,先生,未知,50-100亿,41-50岁,1.9294189257142926
618,85.0,宝成,服装,蔡其瑞,73.0,中国-台湾,先生,台湾,50-100亿,70岁以上,1.9294189257142926
618,85.0,晨光,文具用品制造,陈湖文,54.0,中国-广东-汕头 ,先生,广东,50-100亿,51-60岁,1.9294189257142926
618,85.0,晨光,文具用品制造,陈湖雄,54.0,中国-广东-汕头 ,先生,广东,50-100亿,51-60岁,1.9294189257142926
618,85.0,石英股份,石英制品,陈士斌,58.0,中国-江苏-连云港,先生,江苏,50-100亿,51-60岁,1.9294189257142926
618,85.0,丰泰,鞋业,陈仕荣,,中国-台湾,先生,台湾,50-100亿,,1.9294189257142926
618,85.0,立华股份,畜牧,程立力,59.0,,先生,未知,50-100亿,51-60岁,1.9294189257142926
618,85.0,艾力斯,医药,杜锦豪,70.0,中国-江苏-,先生,江苏,50-100亿,61-70岁,1.9294189257142926
618,85.0,华建,投资,何志平,59.0,中国-江西,先生,江西,50-100亿,51-60岁,1.9294189257142926
618,85.0,伟易达,消费电子产品,黄子欣,75.0,,先生,未知,50-100亿,70岁以上,1.9294189257142926
618,85.0,蓝晓科技,新材料,寇晓康,57.0,,先生,未知,50-100亿,51-60岁,1.9294189257142926
618,85.0,澳博,博彩,梁安琪,63.0,中国-广东-广州,女士,广东,50-100亿,61-70岁,1.9294189257142926
618,85.0,扬杰科技,半导体,梁勤,53.0,中国-江苏-扬州,先生,江苏,50-100亿,51-60岁,1.9294189257142926
618,85.0,康冠科技,电子器件制造,凌斌,56.0,,先生,未知,50-100亿,51-60岁,1.9294189257142926
618,85.0,万得资讯,数据服务,陆风,56.0,,先生,未知,50-100亿,51-60岁,1.9294189257142926
618,85.0,晶苑国际,服装,罗乐风,,中国-香港,先生,香港,50-100亿,,1.9294189257142926
618,85.0,敏实,汽车零部件,秦荣华,66.0,中国-台湾,先生,台湾,50-100亿,61-70岁,1.9294189257142926
618,85.0,上海商银,银行业,荣智权,,,未知,未知,50-100亿,,1.9294189257142926
618,85.0,创见信息,半导体,束崇万,70.0,中国-台湾,先生,台湾,50-100亿,61-70岁,1.9294189257142926
618,85.0,艾迪精密,机械制造,宋飞,58.0,,先生,未知,50-100亿,51-60岁,1.9294189257142926
618,85.0,万华化学,投资,孙惠刚,,,先生,未知,50-100亿,,1.9294189257142926
618,85.0,长峰房地产,房地产,童锦泉,69.0,中国-江苏-南通,先生,江苏,50-100亿,61-70岁,1.9294189257142926
618,85.0,Deel,企业服务,王硕,34.0,中国-北京,先生,北京,50-100亿,40岁以下,1.9294189257142926
618,85.0,汇丰石化,化工,魏学专,71.0,中国-山东-淄博,先生,山东,50-100亿,70岁以上,1.9294189257142926
618,85.0,中鼎,汽车零部件,夏鼎湖,80.0,中国-安徽,先生,安徽,50-100亿,70岁以上,1.9294189257142926
618,85.0,大全,电气设备制造、太阳能,徐广福,,,先生,未知,50-100亿,,1.9294189257142926
618,85.0,同花顺,软件,叶琼玖,70.0,中国-浙江-宁波,先生,浙江,50-100亿,61-70岁,1.9294189257142926
618,85.0,追觅科技,智能家电,俞浩,37.0,中国-江苏-南通,先生,江苏,50-100亿,40岁以下,1.9294189257142926
618,85.0,迪阿,珠宝首饰,张国涛,39.0,中国-河南-开封,先生,河南,50-100亿,40岁以下,1.9294189257142926
618,85.0,青山控股,钢铁,张积敏,61.0,,先生,未知,50-100亿,61-70岁,1.9294189257142926
618,85.0,美团,生活服务,张涛,52.0,中国-上海,先生,上海,50-100亿,51-60岁,1.9294189257142926
618,85.0,小康控股,汽车、汽车零配件,张兴礼,67.0,中国-重庆,先生,重庆,50-100亿,61-70岁,1.9294189257142926
618,85.0,小康控股,汽车、汽车零配件,张兴明,67.0,中国-重庆,先生,重庆,50-100亿,61-70岁,1.9294189257142926
618,85.0,健策,电子元件,赵宗信,,,未知,未知,50-100亿,,1.9294189257142926
653,83.0,融创,房地产,孙宏斌,61.0,中国-山西-运城,先生,山西,50-100亿,61-70岁,1.919078092376074
653,83.0,中通,快递,王吉雷,59.0,,先生,未知,50-100亿,51-60岁,1.919078092376074
653,83.0,健策,电子元件,赵永昌,,,未知,未知,50-100亿,,1.919078092376074
656,80.0,三七互娱,网络游戏,曾开天,,,先生,未知,50-100亿,,1.9030899869919435
656,80.0,申通快递,物流,陈德军,54.0,中国-浙江-杭州,先生,浙江,50-100亿,51-60岁,1.9030899869919435
656,80.0,卧龙控股,电气设备、房地产,陈建成,65.0,中国-浙江-绍兴,先生,浙江,50-100亿,61-70岁,1.9030899869919435
656,80.0,华兴源创,设备制造,陈文源,56.0,,先生,未知,50-100亿,51-60岁,1.9030899869919435
656,80.0,沪光股份,汽车配件,成三荣,61.0,,先生,未知,50-100亿,61-70岁,1.9030899869919435
656,80.0,永兴特钢,不锈钢,高兴江,61.0,中国-浙江-湖州,先生,浙江,50-100亿,61-70岁,1.9030899869919435
656,80.0,可成科技,设备制造,洪水树,65.0,中国-台湾-台南,先生,台湾,50-100亿,61-70岁,1.9030899869919435
656,80.0,海康威视,视频监控产品,胡扬忠,59.0,中国-湖北-武汉,先生,湖北,50-100亿,51-60岁,1.9030899869919435
656,80.0,圣丰,房地产、工业制造,江南,61.0,中国-山东-济南,先生,山东,50-100亿,61-70岁,1.9030899869919435
656,80.0,阿里系,电子商务、金融科技,井贤栋,52.0,,先生,未知,50-100亿,51-60岁,1.9030899869919435
656,80.0,蔚来、易车,电动车,李斌,50.0,中国-安徽,先生,安徽,50-100亿,41-50岁,1.9030899869919435
656,80.0,TCL,家用电器及半导体产品,李东生,67.0,中国-广东-惠州,先生,广东,50-100亿,61-70岁,1.9030899869919435
656,80.0,千喜鹤,餐饮,李国库,,,先生,未知,50-100亿,,1.9030899869919435
656,80.0,荣盛控股,化纤,李国庆,54.0,中国-浙江,先生,浙江,50-100亿,51-60岁,1.9030899869919435
656,80.0,三七互娱,网络游戏,李卫伟,47.0,中国-四川-成都,先生,四川,50-100亿,41-50岁,1.9030899869919435
656,80.0,荣盛控股,化纤,李永庆,60.0,中国-浙江,先生,浙江,50-100亿,51-60岁,1.9030899869919435
656,80.0,-,投资,梁信军,56.0,中国-浙江-台州,先生,浙江,50-100亿,51-60岁,1.9030899869919435
656,80.0,科士达,电力设备,刘程宇,62.0,中国-福建-宁德,先生,福建,50-100亿,61-70岁,1.9030899869919435
656,80.0,软通动力,软件与信息服务,刘天文,61.0,,先生,未知,50-100亿,61-70岁,1.9030899869919435
656,80.0,百润,香料、酒业,刘晓东,57.0,,先生,未知,50-100亿,51-60岁,1.9030899869919435
656,80.0,中润光能,光伏电池,龙大强,,,先生,未知,50-100亿,,1.9030899869919435
656,80.0,安宁股份,钒钛磁铁矿,罗阳勇,49.0,,先生,未知,50-100亿,41-50岁,1.9030899869919435
656,80.0,龙盛,化工、钢铁,阮水龙,89.0,中国-山东-济宁,先生,山东,50-100亿,70岁以上,1.9030899869919435
656,80.0,斯达半导,半导体,沈华,61.0,,先生,未知,50-100亿,61-70岁,1.9030899869919435
656,80.0,百丽,鞋业,盛百椒,72.0,中国-上海,先生,上海,50-100亿,70岁以上,1.9030899869919435
656,80.0,华硕,电脑产品,施崇棠,72.0,中国-台湾-彰化,先生,台湾,50-100亿,70岁以上,1.9030899869919435
656,80.0,华厦眼科,医疗服务,苏庆灿,55.0,,先生,未知,50-100亿,51-60岁,1.9030899869919435
656,80.0,丸美,化妆品,孙怀庆,55.0,中国-重庆,先生,重庆,50-100亿,51-60岁,1.9030899869919435
656,80.0,木林森,光学光电,孙清焕,51.0,中国-江西-宜春,先生,江西,50-100亿,51-60岁,1.9030899869919435
656,80.0,一方,房地产、投资,孙喜双,71.0,中国-吉林,先生,吉林,50-100亿,70岁以上,1.9030899869919435
656,80.0,宝矿,地产、贸易,孙勇坚,58.0,,先生,未知,50-100亿,51-60岁,1.9030899869919435
656,80.0,新泉股份,汽车配饰,唐敖齐,79.0,,先生,未知,50-100亿,70岁以上,1.9030899869919435
656,80.0,欧普康视,医疗器械制造、销售,陶悦群,64.0,,先生,未知,50-100亿,61-70岁,1.9030899869919435
656,80.0,华立,医药、投资,汪力成,64.0,中国-浙江-杭州,先生,浙江,50-100亿,61-70岁,1.9030899869919435
656,80.0,医联,医疗服务,王仕锐,37.0,,先生,未知,50-100亿,40岁以下,1.9030899869919435
656,80.0,台塑,化工,王文渊,77.0,中国-台湾-台北,先生,台湾,50-100亿,70岁以上,1.9030899869919435
656,80.0,华明装备,电力设备,肖日明,88.0,中国-上海,先生,上海,50-100亿,70岁以上,1.9030899869919435
656,80.0,天新药业,医药,许江南,62.0,,先生,未知,50-100亿,61-70岁,1.9030899869919435
656,80.0,九羊,钢铁、冶金、机械,许庆奎,,,先生,未知,50-100亿,,1.9030899869919435
656,80.0,荣盛控股,化纤,许月娟,,中国-浙江,先生,浙江,50-100亿,,1.9030899869919435
656,80.0,联想,计算机服务、投资,杨元庆,60.0,中国-安徽-合肥,先生,安徽,50-100亿,51-60岁,1.9030899869919435
656,80.0,金像电子,消费电子产品,杨长基,,,先生,未知,50-100亿,,1.9030899869919435
656,80.0,新明珠,建筑陶瓷,叶德林,56.0,中国-广东-佛山,先生,广东,50-100亿,51-60岁,1.9030899869919435
656,80.0,来亿兴业,鞋业,钟德礼,,,未知,未知,50-100亿,,1.9030899869919435
656,80.0,南都,电池、投资,周庆治,69.0,,先生,未知,50-100亿,61-70岁,1.9030899869919435
701,78.0,百济神州,医药,欧雷强,56.0,美国,先生,美国,50-100亿,51-60岁,1.8920946026904804
702,77.0,昭衍新药,生物医药,周志文,59.0,,先生,未知,50-100亿,51-60岁,1.8864907251724818
703,76.0,安图生物,医药制造业,苗拥军,57.0,中国-河南-郑州,先生,河南,50-100亿,51-60岁,1.8808135922807914
704,75.0,佳格,食品和饮料,曹德风,79.0,,先生,未知,50-100亿,70岁以上,1.8750612633917
704,75.0,宏达电子,电子器件制造,曾继疆,62.0,中国-湖南,先生,湖南,50-100亿,61-70岁,1.8750612633917
704,75.0,南丰,房地产,陈慧慧,65.0,中国-香港,女士,香港,50-100亿,61-70岁,1.8750612633917
704,75.0,珀莱雅,化妆品,方玉友,55.0,中国-浙江-温州,先生,浙江,50-100亿,51-60岁,1.8750612633917
704,75.0,利丰,物流,冯国纶,76.0,中国-广东-江门,先生,广东,50-100亿,70岁以上,1.8750612633917
704,75.0,顾家家居,家具,顾江生,51.0,中国-浙江-台州,先生,浙江,50-100亿,51-60岁,1.8750612633917
704,75.0,威胜信息,通信设备,吉为,67.0,,先生,未知,50-100亿,61-70岁,1.8750612633917
704,75.0,昊海生物,生物医药,蒋伟,,,先生,未知,50-100亿,,1.8750612633917
704,75.0,保利达,房地产,柯为湘,73.0,中国-广东-潮州,先生,广东,50-100亿,70岁以上,1.8750612633917
704,75.0,恒兴实业,投资、地产,柯希平,64.0,中国-福建-泉州,先生,福建,50-100亿,61-70岁,1.8750612633917
704,75.0,白贝壳,母婴产品,李阔,,,先生,未知,50-100亿,,1.8750612633917
704,75.0,金车,食品和饮料,李添财,86.0,,先生,未知,50-100亿,70岁以上,1.8750612633917
704,75.0,恩捷股份,包装盒生产,李晓华,62.0,中国-云南,先生,云南,50-100亿,61-70岁,1.8750612633917
704,75.0,佳都科技,软件和信息技术,刘伟,59.0,中国-广东-梅州,先生,广东,50-100亿,51-60岁,1.8750612633917
704,75.0,中谷物流,物流,卢宗俊,61.0,,先生,未知,50-100亿,61-70岁,1.8750612633917
704,75.0,神马,电气机械和器材,马斌,54.0,,先生,未知,50-100亿,51-60岁,1.8750612633917
704,75.0,先声药业,生物医药,任晋生,62.0,中国-江苏-南京,先生,江苏,50-100亿,61-70岁,1.8750612633917
704,75.0,百兴,工业制造、房地产,茹伯兴,77.0,中国-江苏-常州,先生,江苏,50-100亿,70岁以上,1.8750612633917
704,75.0,新豪国际,电子设备制造,佘英杰,67.0,,先生,未知,50-100亿,61-70岁,1.8750612633917
704,75.0,绿城,房地产,宋卫平,66.0,中国-浙江-绍兴,先生,浙江,50-100亿,61-70岁,1.8750612633917
704,75.0,敏捷,房地产,谭炳照,60.0,,先生,未知,50-100亿,51-60岁,1.8750612633917
704,75.0,海大,饲料,谭莉莉,,,先生,未知,50-100亿,,1.8750612633917
704,75.0,盛美半导体,半导体,王晖,63.0,,先生,未知,50-100亿,61-70岁,1.8750612633917
704,75.0,台塑,化工,王文潮,73.0,中国-台湾-台北,先生,台湾,50-100亿,70岁以上,1.8750612633917
704,75.0,宏仁,化学原料,王文洋,73.0,中国-台湾-新北,先生,台湾,50-100亿,70岁以上,1.8750612633917
704,75.0,莉莉丝,游戏,王信文,37.0,,先生,未知,50-100亿,40岁以下,1.8750612633917
704,75.0,继峰股份,汽车零部件,王义平,63.0,中国-浙江,先生,浙江,50-100亿,61-70岁,1.8750612633917
704,75.0,丽宝,房地产、酒店,吴宝田,73.0,,先生,未知,50-100亿,70岁以上,1.8750612633917
704,75.0,亿联网络,通信,吴仲毅,51.0,,先生,未知,50-100亿,51-60岁,1.8750612633917
704,75.0,广合科技,电子元件,肖红星,,中国-海南,未知,海南,50-100亿,,1.8750612633917
704,75.0,华茂,文具、教育、房地产、金融,徐万茂,79.0,中国-浙江-宁波,先生,浙江,50-100亿,70岁以上,1.8750612633917
704,75.0,宇泽,新能源,闫洪嘉,44.0,中国-山西-沂州,先生,山西,50-100亿,41-50岁,1.8750612633917
704,75.0,车好多,汽车服务,杨浩涌,50.0,中国-安徽-合肥,先生,安徽,50-100亿,41-50岁,1.8750612633917
704,75.0,商汤科技,人工智能,杨秋梅,,,未知,未知,50-100亿,,1.8750612633917
704,75.0,旭日企业,服装、房地产,杨钊,77.0,中国-广东-惠州,先生,广东,50-100亿,70岁以上,1.8750612633917
704,75.0,新世纪科教,投资,杨志茂,61.0,中国-广东-东莞,先生,广东,50-100亿,61-70岁,1.8750612633917
704,75.0,旗滨,玻璃,俞其兵,59.0,中国-浙江,先生,浙江,50-100亿,51-60岁,1.8750612633917
704,75.0,建龙,钢铁、矿业、船运,张伟祥,,中国-浙江-绍兴,先生,浙江,50-100亿,,1.8750612633917
704,75.0,特变电工,电气机械和器材制造,张新,62.0,中国-甘肃-武威,先生,甘肃,50-100亿,61-70岁,1.8750612633917
743,73.0,火币,区块链,李林,42.0,,先生,未知,50-100亿,41-50岁,1.863322860120456
744,72.0,珍宝岛药业,医药,方同华,61.0,中国-安徽-毫州,先生,安徽,50-100亿,61-70岁,1.8573324964312685
744,72.0,林达,房地产、投资,李晓林,71.0,中国-北京,先生,北京,50-100亿,70岁以上,1.8573324964312685
744,72.0,阿里系,电子商务、金融科技,邵晓峰,59.0,中国-浙江-杭州,先生,浙江,50-100亿,51-60岁,1.8573324964312685
747,71.0,欧菲光,光电子元器件,蔡荣军,52.0,中国-广东-汕头,先生,广东,50-100亿,51-60岁,1.8512583487190752
747,71.0,长盈精密,电子元件,陈奇星,65.0,,先生,未知,50-100亿,61-70岁,1.8512583487190752
747,71.0,贝壳,房地产服务,彭永东,45.0,,先生,未知,50-100亿,41-50岁,1.8512583487190752
747,71.0,好太太,耐用消费品,沈汉标,52.0,中国-广东-汕头,先生,广东,50-100亿,51-60岁,1.8512583487190752
747,71.0,美团,生活服务,王慧文,46.0,,先生,未知,50-100亿,41-50岁,1.8512583487190752
747,71.0,百奥泰,生物医药,易贤忠,65.0,中国-湖北,先生,湖北,50-100亿,61-70岁,1.8512583487190752
747,71.0,兆易创新,芯片研发,朱一明,52.0,,先生,未知,50-100亿,51-60岁,1.8512583487190752
754,70.0,深兰科技,人工智能,陈海波,55.0,中国-江苏-连云港,先生,江苏,50-100亿,51-60岁,1.845098040014257
754,70.0,冬海集团,网络游戏、电商,陈精业,,,未知,未知,50-100亿,,1.845098040014257
754,70.0,第四范式,人工智能,戴文渊,41.0,中国-江苏-苏州,先生,江苏,50-100亿,41-50岁,1.845098040014257
754,70.0,益丰药房,医药零售,高毅,56.0,中国-湖南-常德,先生,湖南,50-100亿,51-60岁,1.845098040014257
754,70.0,荣盛,房地产,耿建明,62.0,中国-江苏-南京,先生,江苏,50-100亿,61-70岁,1.845098040014257
754,70.0,新宝电器,小家电,郭建刚,58.0,中国-广东-佛山,先生,广东,50-100亿,51-60岁,1.845098040014257
754,70.0,Manner,餐饮,韩玉龙,39.0,中国-江苏-南通,先生,江苏,50-100亿,40岁以下,1.845098040014257
754,70.0,源昌,房地产,侯昌财,68.0,中国-福建-泉州,先生,福建,50-100亿,61-70岁,1.845098040014257
754,70.0,美的,家电制造,黄健,57.0,中国-湖南-岳阳,先生,湖南,50-100亿,51-60岁,1.845098040014257
754,70.0,新湖,房地产、金融,黄伟,65.0,中国-浙江-温州,先生,浙江,50-100亿,61-70岁,1.845098040014257
754,70.0,章源钨业,钨矿,黄泽兰,69.0,中国-江西-赣州,先生,江西,50-100亿,61-70岁,1.845098040014257
754,70.0,崇达科技,印刷电路板,姜雪飞,55.0,中国-辽宁-大连,先生,辽宁,50-100亿,51-60岁,1.845098040014257
754,70.0,中升控股,汽车销售,李国强,60.0,,先生,未知,50-100亿,51-60岁,1.845098040014257
754,70.0,李宁,体育用品、投资,李进,54.0,,先生,未知,50-100亿,51-60岁,1.845098040014257
754,70.0,神威,医药,李振江,67.0,中国-河北-石家庄,先生,河北,50-100亿,61-70岁,1.845098040014257
754,70.0,金盘科技,变压器,李志远,69.0,中国-广西-南宁,先生,广西,50-100亿,61-70岁,1.845098040014257
754,70.0,喜茶,餐饮,聂云宸,33.0,,先生,未知,50-100亿,40岁以下,1.845098040014257
754,70.0,小马智行,自动驾驶技术,彭军,,,先生,未知,50-100亿,,1.845098040014257
754,70.0,双欣,煤炭、热电、化工,乔玉华,58.0,中国-内蒙古-鄂尔多斯,先生,内蒙古,50-100亿,51-60岁,1.845098040014257
754,70.0,杰瑞石油,石油专用设备,孙伟杰,61.0,中国-山东,先生,山东,50-100亿,61-70岁,1.845098040014257
754,70.0,龙佰,钛白粉,谭瑞清,58.0,中国-河南,先生,河南,50-100亿,51-60岁,1.845098040014257
754,70.0,柏楚电子,信息技术,唐晔,43.0,,先生,未知,50-100亿,41-50岁,1.845098040014257
754,70.0,金石资源,矿产,王锦华,61.0,中国-浙江,先生,浙江,50-100亿,61-70岁,1.845098040014257
754,70.0,立昂微,半导体,王敏文,61.0,中国-浙江,先生,浙江,50-100亿,61-70岁,1.845098040014257
754,70.0,至兴,汽车零部件,吴崇仪,65.0,中国-台湾,先生,台湾,50-100亿,61-70岁,1.845098040014257
754,70.0,传化,化工、农业、投资,徐冠巨,63.0,中国-浙江-杭州,先生,浙江,50-100亿,61-70岁,1.845098040014257
754,70.0,卓胜微,电子器件制造,许志翰,52.0,,先生,未知,50-100亿,51-60岁,1.845098040014257
754,70.0,中天科技,电缆,薛济萍,73.0,中国-江苏-南通,先生,江苏,50-100亿,70岁以上,1.845098040014257
754,70.0,宏兆,投资,姚其湧,60.0,,先生,未知,50-100亿,51-60岁,1.845098040014257
754,70.0,沐瞳科技,游戏,袁菁,44.0,,先生,未知,50-100亿,41-50岁,1.845098040014257
754,70.0,大中,投资,张大中,76.0,中国-北京,先生,北京,50-100亿,70岁以上,1.845098040014257
754,70.0,满帮,运输,张晖,46.0,中国-江苏,先生,江苏,50-100亿,41-50岁,1.845098040014257
754,70.0,雅士利,乳业,张利钿,60.0,中国-广东-潮州,先生,广东,50-100亿,51-60岁,1.845098040014257
754,70.0,远大,环保建筑,张跃,64.0,中国-湖南-长沙,先生,湖南,50-100亿,61-70岁,1.845098040014257
754,70.0,怡亚通,供应链,周国辉,59.0,中国-广东-梅州,先生,广东,50-100亿,51-60岁,1.845098040014257
754,70.0,景田,饮料,周骏,,,先生,未知,50-100亿,,1.845098040014257
754,70.0,新凤鸣,化纤,庄奎龙,62.0,,先生,未知,50-100亿,61-70岁,1.845098040014257
754,70.0,宗申,摩托车、房地产,左宗申,71.0,中国-重庆,先生,重庆,50-100亿,70岁以上,1.845098040014257
792,68.0,绫致时装,服装零售,Allan Warburg,58.0,丹麦,先生,丹麦,50-100亿,51-60岁,1.8325089127062364
792,68.0,绫致时装,服装零售,Dan Friis丹飞,55.0,,先生,未知,50-100亿,51-60岁,1.8325089127062364
792,68.0,五得利,面粉,丹宏,,,先生,未知,50-100亿,,1.8325089127062364
792,68.0,日月股份,机械配件,傅明康,61.0,,先生,未知,50-100亿,61-70岁,1.8325089127062364
792,68.0,禾迈股份,光伏逆变器,邵建雄,60.0,中国-浙江,先生,浙江,50-100亿,51-60岁,1.8325089127062364
792,68.0,千禾味业,食品,伍超群,55.0,中国-四川-眉山,先生,四川,50-100亿,51-60岁,1.8325089127062364
792,68.0,万马电线电缆,电缆、房地产、医药,张德生,75.0,中国-浙江,先生,浙江,50-100亿,70岁以上,1.8325089127062364
799,67.0,天兵科技,航天,康永来,,,未知,未知,50-100亿,,1.8260748027008264
799,67.0,科博达,汽车电子产品,柯桂华,59.0,,先生,未知,50-100亿,51-60岁,1.8260748027008264
799,67.0,福华,农业、造纸、矿产,张华,,,先生,未知,50-100亿,,1.8260748027008264
799,67.0,金岭,化工,赵曰岭,72.0,中国-山东,先生,山东,50-100亿,70岁以上,1.8260748027008264
803,66.0,星星充电,充电桩,丁锋,58.0,,先生,未知,50-100亿,51-60岁,1.8195439355418688
803,66.0,星星充电,充电桩,邵丹薇,42.0,中国-江苏-常州,女士,江苏,50-100亿,41-50岁,1.8195439355418688
803,66.0,千方科技,智能交通,夏曙东,52.0,中国-湖北-黄冈,先生,湖北,50-100亿,51-60岁,1.8195439355418688
803,66.0,鸿宝集团,房地产、园林,袁桂宝,,,先生,未知,50-100亿,,1.8195439355418688
803,66.0,BOSS直聘,招聘网站,赵鹏,54.0,中国-山西-长治,先生,山西,50-100亿,51-60岁,1.8195439355418688
808,65.0,亿联投资,房地产、投资,包松安,,中国-浙江-温州,先生,浙江,50-100亿,,1.8129133566428555
808,65.0,杭可科技,锂电池,曹骥,72.0,中国-浙江,先生,浙江,50-100亿,70岁以上,1.8129133566428555
808,65.0,思源电气,输配电设备,陈邦栋,54.0,,先生,未知,50-100亿,51-60岁,1.8129133566428555
808,65.0,华海药业,医药,陈保华,62.0,中国-浙江-台州,先生,浙江,50-100亿,61-70岁,1.8129133566428555
808,65.0,华达科技,汽车零部件,陈竞宏,78.0,,先生,未知,50-100亿,70岁以上,1.8129133566428555
808,65.0,奥士康,高密度印制电路板,程涌,50.0,中国-湖南-沅江,先生,湖南,50-100亿,41-50岁,1.8129133566428555
808,65.0,升域,房地产,邓耀升,38.0,中国-香港,先生,香港,50-100亿,40岁以下,1.8129133566428555
808,65.0,古瑞瓦特,光伏设备,丁永强,44.0,中国-湖北-随州,先生,湖北,50-100亿,41-50岁,1.8129133566428555
808,65.0,信义,玻璃,董清世,58.0,,先生,未知,50-100亿,51-60岁,1.8129133566428555
808,65.0,融通,锂电池材料,何中林,56.0,,先生,未知,50-100亿,51-60岁,1.8129133566428555
808,65.0,维达国际,生活卫生产品,李朝旺,66.0,中国-广东-江门,先生,广东,50-100亿,61-70岁,1.8129133566428555
808,65.0,兆威机电,电气设备,李海周,54.0,中国-广东-梅州,先生,广东,50-100亿,51-60岁,1.8129133566428555
808,65.0,百雀羚,化妆品,李强,,,先生,未知,50-100亿,,1.8129133566428555
808,65.0,富力地产,投资、房地产,李思廉,67.0,中国-香港,先生,香港,50-100亿,61-70岁,1.8129133566428555
808,65.0,匠心家居,家具,李小勤,53.0,中国-浙江-杭州,先生,浙江,50-100亿,51-60岁,1.8129133566428555
808,65.0,中国龙工,重型工程用车,李新炎,73.0,中国-福建-泉州,先生,福建,50-100亿,70岁以上,1.8129133566428555
808,65.0,科达利,锂电池结构件,励建立,52.0,,先生,未知,50-100亿,51-60岁,1.8129133566428555
808,65.0,微医,医疗服务,廖杰远,,,先生,未知,50-100亿,,1.8129133566428555
808,65.0,中国燃气,能源,刘明辉,61.0,中国-香港,先生,香港,50-100亿,61-70岁,1.8129133566428555
808,65.0,科大讯飞,软件和信息技术服务业,刘庆峰,51.0,中国-安徽-宣城,先生,安徽,50-100亿,51-60岁,1.8129133566428555
808,65.0,珂玛科技,陶瓷材料,刘先兵,,,未知,未知,50-100亿,,1.8129133566428555
808,65.0,凯赛生物,生物材料,刘修才,67.0,,先生,未知,50-100亿,61-70岁,1.8129133566428555
808,65.0,林洋能源,太阳能,陆永华,61.0,中国-江苏-南通,先生,江苏,50-100亿,61-70岁,1.8129133566428555
808,65.0,瑞安,房地产,罗康瑞,76.0,中国-香港,先生,香港,50-100亿,70岁以上,1.8129133566428555
808,65.0,大帝,投资、房地产、服装,吕培榕,65.0,中国-福建-泉州,先生,福建,50-100亿,61-70岁,1.8129133566428555
808,65.0,新天然气,天然气,明再远,61.0,中国-四川-德阳,先生,四川,50-100亿,61-70岁,1.8129133566428555
808,65.0,百仕达,天然气、房地产,欧亚平,62.0,中国-湖南-长沙,先生,湖南,50-100亿,61-70岁,1.8129133566428555
808,65.0,恒逸,化纤,邱建林,61.0,中国-浙江,先生,浙江,50-100亿,61-70岁,1.8129133566428555
808,65.0,晶盛机电,机电设备,邱敏秀,79.0,,先生,未知,50-100亿,70岁以上,1.8129133566428555
808,65.0,恒逸,化纤,邱祥娟,,中国-浙江,先生,浙江,50-100亿,,1.8129133566428555
808,65.0,恒逸,化纤,邱奕博,37.0,中国-浙江,先生,浙江,50-100亿,40岁以下,1.8129133566428555
808,65.0,重阳投资,投资,裘国根,55.0,中国-浙江-绍兴,先生,浙江,50-100亿,51-60岁,1.8129133566428555
808,65.0,浙富控股,清洁能源装备,孙毅,57.0,中国-浙江,先生,浙江,50-100亿,51-60岁,1.8129133566428555
808,65.0,富通,光纤光缆,王建沂,61.0,中国-浙江,先生,浙江,50-100亿,61-70岁,1.8129133566428555
808,65.0,大中,石材、房地产,王文城,,中国-广东,先生,广东,50-100亿,,1.8129133566428555
808,65.0,大百汇,烟草、房地产、白酒,温纯青,53.0,中国-广东-梅州,先生,广东,50-100亿,51-60岁,1.8129133566428555
808,65.0,埃斯顿,机械装备制造,吴波,70.0,中国-江苏-南京,先生,江苏,50-100亿,61-70岁,1.8129133566428555
808,65.0,新光三越,房地产,吴昕阳,,中国-台湾-台北,先生,台湾,50-100亿,,1.8129133566428555
808,65.0,美好创亿,医疗机械,熊小川,58.0,,先生,未知,50-100亿,51-60岁,1.8129133566428555
808,65.0,旭升汽车技术,汽车零部件,徐旭东,54.0,,先生,未知,50-100亿,51-60岁,1.8129133566428555
808,65.0,美锦能源,煤炭,姚俊良,71.0,,先生,未知,50-100亿,70岁以上,1.8129133566428555
808,65.0,鑫海控股,石油化工,詹国海,56.0,,先生,未知,50-100亿,51-60岁,1.8129133566428555
808,65.0,美团,生活服务,张波,,,先生,未知,50-100亿,,1.8129133566428555
808,65.0,苏宁,零售、房地产,张近东,61.0,中国-江苏-南京,先生,江苏,50-100亿,61-70岁,1.8129133566428555
808,65.0,海王,医药、房地产,张思民,62.0,中国-吉林-长春,先生,吉林,50-100亿,61-70岁,1.8129133566428555
808,65.0,永辉,超市零售,张轩松,53.0,中国-福建-福州,先生,福建,50-100亿,51-60岁,1.8129133566428555
808,65.0,铂力特,金属增材制造,折生阳,69.0,中国-陕西-西安,先生,陕西,50-100亿,61-70岁,1.8129133566428555
808,65.0,创科实业,消费品,钟志平,71.0,中国-澳门,先生,澳门,50-100亿,70岁以上,1.8129133566428555
808,65.0,美涂士,墙面保护装饰,周伟健,,,先生,未知,50-100亿,,1.8129133566428555
808,65.0,赛伯乐,投资,朱敏,76.0,中国-浙江-宁波,先生,浙江,50-100亿,70岁以上,1.8129133566428555
808,65.0,天岳先进,半导体材料,宗艳民,60.0,,先生,未知,50-100亿,51-60岁,1.8129133566428555
859,63.0,中控技术,软件系统,褚健,61.0,,先生,未知,50-100亿,61-70岁,1.7993405494535817
859,63.0,理想汽车,新能源汽车,樊铮,45.0,中国-上海,先生,上海,50-100亿,41-50岁,1.7993405494535817
859,63.0,申洲针织,纺织、服装,黄关林,58.0,中国-浙江,先生,浙江,50-100亿,51-60岁,1.7993405494535817
859,63.0,爱美客,生物制药,石毅峰,50.0,中国-山西-晋中,先生,山西,50-100亿,41-50岁,1.7993405494535817
859,63.0,书亦餐饮,餐饮连锁,王斌,38.0,中国-湖南,先生,湖南,50-100亿,40岁以下,1.7993405494535817
864,62.0,亿帆鑫富,医药,程先锋,56.0,,先生,未知,50-100亿,51-60岁,1.792391689498254
864,62.0,阿里系,电子商务、金融科技,戴珊,48.0,,先生,未知,50-100亿,41-50岁,1.792391689498254
864,62.0,汇福,食品,石克荣,67.0,中国-河北-廊坊,先生,河北,50-100亿,61-70岁,1.792391689498254
864,62.0,绿城服务,物业管理,寿柏年,62.0,中国-浙江-绍兴,先生,浙江,50-100亿,61-70岁,1.792391689498254
864,62.0,阿里系,电子商务、金融科技,吴泳铭,49.0,,先生,未知,50-100亿,41-50岁,1.792391689498254
864,62.0,华住,连锁酒店,赵彤彤,,,先生,未知,50-100亿,,1.792391689498254
870,61.0,西贝,餐饮,贾国龙,57.0,中国-内蒙古-巴彦淖尔,先生,内蒙古,50-100亿,51-60岁,1.7853298350107671
870,61.0,歌尔股份,声学及多媒体产品,姜龙,50.0,,先生,未知,50-100亿,41-50岁,1.7853298350107671
870,61.0,传化,化工、农业、投资,徐观宝,67.0,中国-浙江-杭州,先生,浙江,50-100亿,61-70岁,1.7853298350107671
870,61.0,华峰,化工、铝业、投资,尤金焕,,,先生,未知,50-100亿,,1.7853298350107671
870,61.0,成都环球世纪,投资、房地产,赵凯,,,先生,未知,50-100亿,,1.7853298350107671
875,60.0,稻花香,白酒,蔡开云,52.0,,先生,未知,50-100亿,51-60岁,1.7781512503836436
875,60.0,哔哩哔哩,视频弹幕网站,陈睿,46.0,中国-四川-成都,先生,四川,50-100亿,41-50岁,1.7781512503836436
875,60.0,康泰生物,生物医药,杜伟民,61.0,中国-江西-南昌,先生,江西,50-100亿,61-70岁,1.7781512503836436
875,60.0,台泥,水泥,辜侯天仪,,,先生,未知,50-100亿,,1.7781512503836436
875,60.0,亚辉龙,生物科技,胡鹍辉,33.0,中国-广东-深圳,先生,广东,50-100亿,40岁以下,1.7781512503836436
875,60.0,安徽广信,农药化肥、房地产,黄金祥,59.0,中国-安徽-宣城,先生,安徽,50-100亿,51-60岁,1.7781512503836436
875,60.0,大金重工,钢结构产品,金鑫,57.0,,先生,未知,50-100亿,51-60岁,1.7781512503836436
875,60.0,中国儒意,娱乐,柯利明,,,未知,未知,50-100亿,,1.7781512503836436
875,60.0,春风控股集团,摩托车,赖国贵,60.0,,先生,未知,50-100亿,51-60岁,1.7781512503836436
875,60.0,极兔速递,物流快递,李杰,49.0,中国-四川,先生,四川,50-100亿,41-50岁,1.7781512503836436
875,60.0,龙岩,殡葬服务,李凯莉,,,女士,未知,50-100亿,,1.7781512503836436
875,60.0,天高,矿业开发、冶金贸易,李平,60.0,中国-江西-赣州,先生,江西,50-100亿,51-60岁,1.7781512503836436
875,60.0,粤丰环保,环保,李咏怡,,,女士,未知,50-100亿,,1.7781512503836436
875,60.0,宏宇,建筑陶瓷,梁桐灿,,中国-广东-佛山,先生,广东,50-100亿,,1.7781512503836436
875,60.0,九州通,医药流通,刘宝林,71.0,中国-湖北-孝感,先生,湖北,50-100亿,70岁以上,1.7781512503836436
875,60.0,小马智行,自动驾驶技术,楼天城,,,先生,未知,50-100亿,,1.7781512503836436
875,60.0,大洋电机,工业电机,鲁楚平,59.0,中国-湖北-孝感,先生,湖北,50-100亿,51-60岁,1.7781512503836436
875,60.0,博众精工,自动化设备,吕绍林,51.0,中国-湖南-邵阳,先生,湖南,50-100亿,51-60岁,1.7781512503836436
875,60.0,双良,空调设备,缪双大,73.0,中国-江苏-无锡,先生,江苏,50-100亿,70岁以上,1.7781512503836436
875,60.0,分布式资本,投资,沈波,61.0,,先生,未知,50-100亿,61-70岁,1.7781512503836436
875,60.0,华邦,房地产、建筑、投资,苏如春,56.0,,先生,未知,50-100亿,51-60岁,1.7781512503836436
875,60.0,华宝新能,便携储能电池、太阳能,孙中伟,46.0,中国-山东,先生,山东,50-100亿,41-50岁,1.7781512503836436
875,60.0,阿里系,电子商务、金融科技,童文红,54.0,,先生,未知,50-100亿,51-60岁,1.7781512503836436
875,60.0,启明星辰,网络安全,王佳,55.0,中国-云南-昆明,先生,云南,50-100亿,51-60岁,1.7781512503836436
875,60.0,中建融东,钢铁,王建东,52.0,中国-河北-邯郸,先生,河北,50-100亿,51-60岁,1.7781512503836436
875,60.0,毛球科技,投资、区块链、游戏,王明鎏,41.0,中国-四川-成都,先生,四川,50-100亿,41-50岁,1.7781512503836436
875,60.0,东华能源,石油化工,王铭祥,46.0,中国-江苏-南通,先生,江苏,50-100亿,41-50岁,1.7781512503836436
875,60.0,赢合科技,自动化设备,王维东,47.0,中国-甘肃-酒泉,先生,甘肃,50-100亿,41-50岁,1.7781512503836436
875,60.0,茶百道,餐饮连锁,王宵锟,41.0,,先生,未知,50-100亿,41-50岁,1.7781512503836436
875,60.0,富佳实业,家用电器,王跃旦,71.0,,先生,未知,50-100亿,70岁以上,1.7781512503836436
875,60.0,中核钛白,钛白粉,王泽龙,,,先生,未知,50-100亿,,1.7781512503836436
875,60.0,富兴,汽车服务，产业园区,谢剑辉,,,先生,未知,50-100亿,,1.7781512503836436
875,60.0,口子窖,白酒,徐进,59.0,,先生,未知,50-100亿,51-60岁,1.7781512503836436
875,60.0,金蝶国际,财务软件,徐少春,61.0,中国-湖南-益阳,先生,湖南,50-100亿,61-70岁,1.7781512503836436
875,60.0,英皇,房地产,杨受成,80.0,中国-香港,先生,香港,50-100亿,70岁以上,1.7781512503836436
875,60.0,康泰生物,生物医药,袁莉萍,53.0,,先生,未知,50-100亿,51-60岁,1.7781512503836436
875,60.0,绿联科技,电子配件,张清森,,,未知,未知,50-100亿,,1.7781512503836436
875,60.0,阿里系,电子商务、金融科技,张勇,,,先生,未知,50-100亿,,1.7781512503836436
875,60.0,台湾精锐,工业机械,张重兴,,,未知,未知,50-100亿,,1.7781512503836436
875,60.0,盛达,矿业、酒店,赵满堂,64.0,中国-甘肃-天水,先生,甘肃,50-100亿,61-70岁,1.7781512503836436
875,60.0,华测导航,卫星导航,赵延平,56.0,中国-吉林,先生,吉林,50-100亿,51-60岁,1.7781512503836436
875,60.0,51job,互联网服务,甄荣辉,62.0,中国-香港,先生,香港,50-100亿,61-70岁,1.7781512503836436
875,60.0,科思股份,化学品原料,周旭明,51.0,,先生,未知,50-100亿,51-60岁,1.7781512503836436
918,59.0,三全食品,食品,陈泽民,81.0,中国-重庆-江津,先生,重庆,50-100亿,70岁以上,1.7708520116421442
918,59.0,小米,北京,刘德,,,先生,未知,50-100亿,,1.7708520116421442
918,59.0,58同城,生活服务,姚劲波,48.0,中国-湖南-益阳,先生,湖南,50-100亿,41-50岁,1.7708520116421442
918,59.0,国光电气,微波电子器件,张亚,55.0,,先生,未知,50-100亿,51-60岁,1.7708520116421442
918,59.0,中科创达,智能终端操作系统,赵鸿飞,50.0,,先生,未知,50-100亿,41-50岁,1.7708520116421442
923,58.0,通策医疗,医疗器械,吕建明,59.0,中国-浙江,先生,浙江,50-100亿,51-60岁,1.7634279935629373
923,58.0,朗姿,服装,申东日,52.0,中国-黑龙江-绥化,先生,黑龙江,50-100亿,51-60岁,1.7634279935629373
923,58.0,德康农牧,畜牧业、教育,王德根,53.0,中国-四川,先生,四川,50-100亿,51-60岁,1.7634279935629373
923,58.0,国城,矿业,吴城,,,先生,未知,50-100亿,,1.7634279935629373
923,58.0,万利达,电子信息产品,吴凯庭,,中国-福建-漳州,先生,福建,50-100亿,,1.7634279935629373
923,58.0,博威合金,合金材料,谢识才,63.0,中国-浙江-杭州,先生,浙江,50-100亿,61-70岁,1.7634279935629373
923,58.0,宝利德,汽车销售,余海军,50.0,中国-浙江-绍兴,先生,浙江,50-100亿,41-50岁,1.7634279935629373
923,58.0,松霖科技,淋浴设备,周华松,58.0,,先生,未知,50-100亿,51-60岁,1.7634279935629373
923,58.0,普利特,塑料制造、汽车配件,周文,59.0,,先生,未知,50-100亿,51-60岁,1.7634279935629373
932,57.0,威高,医疗器械,陈学利,73.0,,先生,未知,50-100亿,70岁以上,1.7558748556724915
932,57.0,苏泊尔,厨具、投资,苏增福,84.0,中国-浙江-台州,先生,浙江,50-100亿,70岁以上,1.7558748556724915
932,57.0,片仔癀,医药,王富济,,,先生,未知,50-100亿,,1.7558748556724915
932,57.0,永钢,钢铁,吴惠芳,,中国-江苏-,先生,江苏,50-100亿,,1.7558748556724915
932,57.0,安踏,体育用品,吴永华,54.0,中国-福建,先生,福建,50-100亿,51-60岁,1.7558748556724915
932,57.0,晶晨股份,电子,钟培峰,61.0,,先生,未知,50-100亿,61-70岁,1.7558748556724915
932,57.0,银都股份,餐饮设备,周俊杰,56.0,,先生,未知,50-100亿,51-60岁,1.7558748556724915
939,56.0,摩尔线程,半导体,刘姗姗,,,女士,未知,50-100亿,,1.7481880270062005
940,55.0,开元旅业,房地产,陈妙林,72.0,中国-浙江-杭州,先生,浙江,50-100亿,70岁以上,1.7403626894942439
940,55.0,海能达,专业无线通信设备,陈清州,59.0,中国-福建-泉州,先生,福建,50-100亿,51-60岁,1.7403626894942439
940,55.0,电连技术,电子元件连接器,陈育宣,58.0,中国-江西-九江,先生,江西,50-100亿,51-60岁,1.7403626894942439
940,55.0,雅居乐,投资、房地产,陈卓贤,57.0,中国-广东-中山,先生,广东,50-100亿,51-60岁,1.7403626894942439
940,55.0,中顺洁柔,生活用纸,邓颖忠,73.0,中国-广东,先生,广东,50-100亿,70岁以上,1.7403626894942439
940,55.0,贝泰妮,护肤品,郭振宇,61.0,中国-云南-昆明,先生,云南,50-100亿,61-70岁,1.7403626894942439
940,55.0,嘉泽端子,电子元件,何德佑,,,未知,未知,50-100亿,,1.7403626894942439
940,55.0,利君股份,机械制造,何亚民,67.0,中国-四川,先生,四川,50-100亿,61-70岁,1.7403626894942439
940,55.0,中贝九洲,医药,花轩德,81.0,中国-浙江-台州,先生,浙江,50-100亿,70岁以上,1.7403626894942439
940,55.0,东风印刷,印刷,黄炳文,70.0,,先生,未知,50-100亿,61-70岁,1.7403626894942439
940,55.0,捷捷微电,半导体器件,黄善兵,68.0,,先生,未知,50-100亿,61-70岁,1.7403626894942439
940,55.0,联泰,基础建设、房地产,黄婉茹,,,先生,未知,50-100亿,,1.7403626894942439
940,55.0,索菲亚,家具,江淦钧,60.0,中国-广东-广州,先生,广东,50-100亿,51-60岁,1.7403626894942439
940,55.0,景津环保,设备制造,姜桂廷,66.0,,先生,未知,50-100亿,61-70岁,1.7403626894942439
940,55.0,景林资产,投资,蒋锦志,,,先生,未知,50-100亿,,1.7403626894942439
940,55.0,长春高新,生物制药,金磊,59.0,,先生,未知,50-100亿,51-60岁,1.7403626894942439
940,55.0,罗浮宫家居,家具零售,黎经华,62.0,,先生,未知,50-100亿,61-70岁,1.7403626894942439
940,55.0,威华,地板,李建华,71.0,中国-广东-梅州,先生,广东,50-100亿,70岁以上,1.7403626894942439
940,55.0,万孚生物,快速诊断试剂,李文美,62.0,中国-吉林-长春,先生,吉林,50-100亿,61-70岁,1.7403626894942439
940,55.0,欢聚时代,游戏、语音软件,李学凌,51.0,,先生,未知,50-100亿,51-60岁,1.7403626894942439
940,55.0,国轩高科,电池、房地产、影视、投资,李缜,60.0,,先生,未知,50-100亿,51-60岁,1.7403626894942439
940,55.0,宏川,仓储物流,林海川,52.0,中国-广东-东莞,先生,广东,50-100亿,51-60岁,1.7403626894942439
940,55.0,韦尔股份,投资,吕大龙,,,先生,未知,50-100亿,,1.7403626894942439
940,55.0,卫星石化,化工,马国林,60.0,中国-浙江,先生,浙江,50-100亿,51-60岁,1.7403626894942439
940,55.0,武汉凡谷,通信设备元件,孟庆南,66.0,中国-湖北,先生,湖北,50-100亿,61-70岁,1.7403626894942439
940,55.0,泉峰,电动工具,潘龙泉,61.0,,先生,未知,50-100亿,61-70岁,1.7403626894942439
940,55.0,信维通信,通信部件,彭浩,57.0,中国-陕西-咸阳,先生,陕西,50-100亿,51-60岁,1.7403626894942439
940,55.0,阿特斯,光伏设备,瞿晓铧,60.0,,先生,未知,50-100亿,51-60岁,1.7403626894942439
940,55.0,鸿路钢构,金属结构制造业,商晓波,50.0,中国-浙江-绍兴,先生,浙江,50-100亿,41-50岁,1.7403626894942439
940,55.0,老乡鸡,餐饮,束小龙,36.0,中国-安徽-合肥,先生,安徽,50-100亿,40岁以下,1.7403626894942439
940,55.0,天圣控股,化纤,孙永根,53.0,中国-浙江-绍兴,先生,浙江,50-100亿,51-60岁,1.7403626894942439
940,55.0,纳思达,打印设备,汪东颖,58.0,中国-甘肃-兰州,先生,甘肃,50-100亿,51-60岁,1.7403626894942439
940,55.0,满帮,物流,王刚,48.0,,先生,未知,50-100亿,41-50岁,1.7403626894942439
940,55.0,阿里系,电子商务、金融科技,王坚,62.0,,先生,未知,50-100亿,61-70岁,1.7403626894942439
940,55.0,碳云、华大基因,医疗大数据、基因检测,王俊,48.0,,先生,未知,50-100亿,41-50岁,1.7403626894942439
940,55.0,博俊科技,汽车零部件,伍亚林,57.0,中国-福建-莆田,先生,福建,50-100亿,51-60岁,1.7403626894942439
940,55.0,比音勒芬,服装,谢秉政,55.0,中国-浙江-温州,先生,浙江,50-100亿,51-60岁,1.7403626894942439
940,55.0,仁和药业,医药,杨文龙,62.0,中国-江西-宜春,先生,江西,50-100亿,61-70岁,1.7403626894942439
940,55.0,姚记扑克,文娱,姚文琛,73.0,,先生,未知,50-100亿,70岁以上,1.7403626894942439
940,55.0,盐津铺子,食品制造,张学武,50.0,,先生,未知,50-100亿,41-50岁,1.7403626894942439
940,55.0,闻泰科技,半导体,张学政,49.0,,先生,未知,50-100亿,41-50岁,1.7403626894942439
940,55.0,税友股份,财税软件,张镇潮,57.0,,先生,未知,50-100亿,51-60岁,1.7403626894942439
940,55.0,长川科技,半导体设备,赵轶,48.0,中国-浙江,先生,浙江,50-100亿,41-50岁,1.7403626894942439
940,55.0,人民电器,工业电器、房地产、投资,郑元豹,66.0,中国-浙江-温州,先生,浙江,50-100亿,61-70岁,1.7403626894942439
940,55.0,仁恒,房地产,钟声坚,66.0,中国-广东-汕尾,先生,广东,50-100亿,61-70岁,1.7403626894942439
940,55.0,小米,智能硬件与技术、投资,周光平,,,先生,未知,50-100亿,,1.7403626894942439
940,55.0,迈为股份,智能制造装备,周剑,48.0,,先生,未知,50-100亿,41-50岁,1.7403626894942439
987,54.0,嘉德,投资、拍卖,杜越新,,,先生,未知,50-100亿,,1.7323937598229686
987,54.0,光环新网,电信运营,耿殿根,68.0,,先生,未知,50-100亿,61-70岁,1.7323937598229686
987,54.0,亿联网络,通信,卢荣富,53.0,,先生,未知,50-100亿,51-60岁,1.7323937598229686
987,54.0,捷成,软件与信息服务,徐子泉,66.0,,先生,未知,50-100亿,61-70岁,1.7323937598229686
991,53.0,蒙泰,煤炭、热电、铝合金,奥凤廷,65.0,,先生,未知,50-100亿,61-70岁,1.724275869600789
991,53.0,柏楚电子,信息技术,代田田,41.0,,先生,未知,50-100亿,41-50岁,1.724275869600789
991,53.0,特步,体育用品,丁水波,54.0,中国-福建-泉州,先生,福建,50-100亿,51-60岁,1.724275869600789
991,53.0,满世,煤炭,刘满世,75.0,中国-内蒙古,先生,内蒙古,50-100亿,70岁以上,1.724275869600789
991,53.0,富地石油,石油化工,邱达强,62.0,中国-香港,先生,香港,50-100亿,61-70岁,1.724275869600789
991,53.0,台华新材,纺织材料,施清岛,59.0,,先生,未知,50-100亿,51-60岁,1.724275869600789
991,53.0,美畅,新材料,吴英,60.0,,先生,未知,50-100亿,51-60岁,1.724275869600789
991,53.0,中教,教育,谢可滔,60.0,,先生,未知,50-100亿,51-60岁,1.724275869600789
991,53.0,IDG资本,投资,熊晓鸽,69.0,中国-湖南-湘潭,先生,湖南,50-100亿,61-70岁,1.724275869600789
991,53.0,真格,投资,徐小平,68.0,中国-江苏-泰兴,先生,江苏,50-100亿,61-70岁,1.724275869600789
991,53.0,百度,网络信息服务,徐勇,60.0,中国-河南,先生,河南,50-100亿,51-60岁,1.724275869600789
991,53.0,赛富,投资,阎焱,67.0,中国-安徽-安庆,先生,安徽,50-100亿,61-70岁,1.724275869600789
991,53.0,中教,教育,于果,62.0,,先生,未知,50-100亿,61-70岁,1.724275869600789
991,53.0,斑马投资,投资,庄辰超,48.0,中国-上海,先生,上海,50-100亿,41-50岁,1.724275869600789
1005,52.0,冬海集团,网络游戏、电商,冯陟旻,,,未知,未知,50-100亿,,1.7160033436347992
1005,52.0,华策影视,影视传媒,傅梅城,67.0,中国-浙江-杭州,先生,浙江,50-100亿,61-70岁,1.7160033436347992
1005,52.0,利时,塑胶产品、商业连锁、投资,李立新,57.0,中国-浙江,先生,浙江,50-100亿,51-60岁,1.7160033436347992
1005,52.0,大陆希望,机械电气、能源化工、房地产,刘海燕,,中国-四川,先生,四川,50-100亿,,1.7160033436347992
1005,52.0,三一,重型机械,袁金华,65.0,,先生,未知,50-100亿,61-70岁,1.7160033436347992
1005,52.0,海吉亚,肿瘤检测,朱义文,,,先生,未知,50-100亿,,1.7160033436347992
1011,51.0,康恩贝,医药,胡季强,63.0,中国-浙江,先生,浙江,50-100亿,61-70岁,1.7075701760979363
1011,51.0,阿里系,电子商务、金融科技,彭翼捷,45.0,,先生,未知,50-100亿,41-50岁,1.7075701760979363
1011,51.0,广联达,软件与信息服务,涂建华,55.0,,先生,未知,50-100亿,51-60岁,1.7075701760979363
1011,51.0,奥康,鞋业、地产,王振滔,59.0,中国-浙江-温州,先生,浙江,50-100亿,51-60岁,1.7075701760979363
1011,51.0,华峰,化工、铝业、投资,尤小华,,,先生,未知,50-100亿,,1.7075701760979363
1011,51.0,华海药业,医药,周明华,60.0,中国-浙江,先生,浙江,50-100亿,51-60岁,1.7075701760979363
1011,51.0,奥瑞金,包装,周云杰,63.0,,先生,未知,50-100亿,61-70岁,1.7075701760979363
1018,50.2,亿达,房地产、软件园,孙荫环,74.0,中国-辽宁,先生,辽宁,50-100亿,70岁以上,1.7007037171450194
1019,50.0,富临,房地产、运输,安治富,78.0,中国-四川,先生,四川,<50亿,70岁以上,1.6989700043360187
1019,50.0,中信博,光伏设备,蔡浩,53.0,,先生,未知,<50亿,51-60岁,1.6989700043360187
1019,50.0,晶盛机电,机电设备,曹建伟,46.0,,先生,未知,<50亿,41-50岁,1.6989700043360187
1019,50.0,开山控股,压缩机,曹克坚,62.0,中国-浙江,先生,浙江,<50亿,61-70岁,1.6989700043360187
1019,50.0,四环医药,医药,车冯升,62.0,中国-山东,先生,山东,<50亿,61-70岁,1.6989700043360187
1019,50.0,爱旭股份,太阳能电池,陈刚,56.0,,先生,未知,<50亿,51-60岁,1.6989700043360187
1019,50.0,宝雅,美妆日用品连锁店,陈建造,,,未知,未知,<50亿,,1.6989700043360187
1019,50.0,兴华财富,钢铁,陈茂春,72.0,中国-福建-宁德,先生,福建,<50亿,70岁以上,1.6989700043360187
1019,50.0,申通快递,物流,陈小英,48.0,中国-浙江-杭州,先生,浙江,<50亿,41-50岁,1.6989700043360187
1019,50.0,华西希望,畜牧业、教育,陈育新,74.0,中国-四川,先生,四川,<50亿,70岁以上,1.6989700043360187
1019,50.0,德邦快递,快递,崔维星,54.0,中国-山东-潍坊,先生,山东,<50亿,51-60岁,1.6989700043360187
1019,50.0,圣湘生物,医药制造业,戴立忠,56.0,中国-北京,先生,北京,<50亿,51-60岁,1.6989700043360187
1019,50.0,能链,充电服务,戴震,46.0,中国-吉林-白城,先生,吉林,<50亿,41-50岁,1.6989700043360187
1019,50.0,美欣达,纺织、房地产、投资,单建明,64.0,中国-浙江-湖州,先生,浙江,<50亿,61-70岁,1.6989700043360187
1019,50.0,月星,房地产、零售、制造,丁佐宏,62.0,中国-江苏-南通,先生,江苏,<50亿,61-70岁,1.6989700043360187
1019,50.0,海天味业,调味品,方展城,,,先生,未知,<50亿,,1.6989700043360187
1019,50.0,洋浦南华糖业,制糖业,冯小华,68.0,中国-广东-梅州,先生,广东,<50亿,61-70岁,1.6989700043360187
1019,50.0,大汉控股,钢材贸易、房地产,付胜龙,62.0,中国-湖南-邵阳,先生,湖南,<50亿,61-70岁,1.6989700043360187
1019,50.0,六福,珠宝零售,黄伟常,73.0,中国-香港,先生,香港,<50亿,70岁以上,1.6989700043360187
1019,50.0,龙光地产,房地产,纪海鹏,57.0,中国-广东-汕头,先生,广东,<50亿,51-60岁,1.6989700043360187
1019,50.0,利泰,汽车经销,江黎明,,中国-湖北-武汉,先生,湖北,<50亿,,1.6989700043360187
1019,50.0,智慧能源,电缆、医药、房地产,蒋锡培,61.0,中国-江苏-无锡,先生,江苏,<50亿,61-70岁,1.6989700043360187
1019,50.0,索菲亚,家具,柯建生,60.0,,先生,未知,<50亿,51-60岁,1.6989700043360187
1019,50.0,汇川技术,工业自动化产品,李俊田,49.0,,先生,未知,<50亿,41-50岁,1.6989700043360187
1019,50.0,航天环宇,航空设备,李完小,58.0,中国-湖南-长沙,先生,湖南,<50亿,51-60岁,1.6989700043360187
1019,50.0,帝尔激光,设备制造,李志刚,48.0,,先生,未知,<50亿,41-50岁,1.6989700043360187
1019,50.0,台玻,建筑玻璃,林伯实,79.0,中国-台湾-台北,先生,台湾,<50亿,70岁以上,1.6989700043360187
1019,50.0,信骅科技,半导体,林鸿明,,,未知,未知,<50亿,,1.6989700043360187
1019,50.0,慕思,床垫,林集永,54.0,中国-广东-惠阳,先生,广东,<50亿,51-60岁,1.6989700043360187
1019,50.0,伟禄,投资、房地产,林晓辉,51.0,,先生,未知,<50亿,51-60岁,1.6989700043360187
1019,50.0,汇川技术,工业自动化产品,刘国伟,52.0,,先生,未知,<50亿,51-60岁,1.6989700043360187
1019,50.0,顺丰,快递,刘冀鲁,77.0,中国-安徽,先生,安徽,<50亿,70岁以上,1.6989700043360187
1019,50.0,鄂尔多斯,羊绒、煤电、冶金、房地产,鲁卫东,59.0,,先生,未知,<50亿,51-60岁,1.6989700043360187
1019,50.0,飞荣达,电子元件,马飞,56.0,中国-广东-河源,先生,广东,<50亿,51-60岁,1.6989700043360187
1019,50.0,确成股份,化工,阙伟东,56.0,,先生,未知,<50亿,51-60岁,1.6989700043360187
1019,50.0,国电南瑞,电网自动化,沈国荣,,,先生,未知,<50亿,,1.6989700043360187
1019,50.0,艾为电子,芯片,孙洪军,51.0,中国-辽宁-铁岭,先生,辽宁,<50亿,51-60岁,1.6989700043360187
1019,50.0,飞南资源,金属回收,孙雁军,,,未知,未知,<50亿,,1.6989700043360187
1019,50.0,长鸿高科,高分子材料,陶春风,57.0,,先生,未知,<50亿,51-60岁,1.6989700043360187
1019,50.0,波克,游戏,陶意,,,先生,未知,<50亿,,1.6989700043360187
1019,50.0,联合飞机,航天,田刚印,,,未知,未知,<50亿,,1.6989700043360187
1019,50.0,中瑞,煤炭供应链管理、房地产,万永兴,53.0,,先生,未知,<50亿,51-60岁,1.6989700043360187
1019,50.0,十月稻田,食品,王兵,42.0,中国-山东-东营,先生,山东,<50亿,41-50岁,1.6989700043360187
1019,50.0,慕思,床垫,王炳坤,52.0,中国-广东-东莞,先生,广东,<50亿,51-60岁,1.6989700043360187
1019,50.0,安洁科技,消费电子组件,王春生,49.0,,先生,未知,<50亿,41-50岁,1.6989700043360187
1019,50.0,海天味业,调味品,王力展,,,先生,未知,<50亿,,1.6989700043360187
1019,50.0,比亚迪,汽车、充电电池,王念强,60.0,中国-安徽-铜陵,先生,安徽,<50亿,51-60岁,1.6989700043360187
1019,50.0,赣锋锂业,有色金属冶炼加工,王晓申,56.0,,先生,未知,<50亿,51-60岁,1.6989700043360187
1019,50.0,城市地产,房地产、投资,王张兴,57.0,中国-浙江-绍兴,先生,浙江,<50亿,51-60岁,1.6989700043360187
1019,50.0,泛微网络,计算机技术,韦锦坤,71.0,,先生,未知,<50亿,70岁以上,1.6989700043360187
1019,50.0,碧水源,污水处理,文剑平,62.0,中国-湖南,先生,湖南,<50亿,61-70岁,1.6989700043360187
1019,50.0,台聚,化工,吴亦圭,72.0,中国-台湾,先生,台湾,<50亿,70岁以上,1.6989700043360187
1019,50.0,旭隼,电气设备,谢卓明,,,未知,未知,<50亿,,1.6989700043360187
1019,50.0,江苏国茂,设备制造,徐国忠,61.0,,先生,未知,<50亿,61-70岁,1.6989700043360187
1019,50.0,欧科云链,区块链,徐明星,39.0,,先生,未知,<50亿,40岁以下,1.6989700043360187
1019,50.0,弘元绿能,光伏设备,杨建良,55.0,,先生,未知,<50亿,51-60岁,1.6989700043360187
1019,50.0,比亚迪,汽车、充电电池,杨龙忠,58.0,中国-江西-上饶,先生,江西,<50亿,51-60岁,1.6989700043360187
1019,50.0,盛屯,锂电新能源材料,姚雄杰,,中国-福建-龙岩,先生,福建,<50亿,,1.6989700043360187
1019,50.0,宝丽华,新能源,叶华能,73.0,中国-广东-梅州,先生,广东,<50亿,70岁以上,1.6989700043360187
1019,50.0,三维股份,橡胶制品,叶继跃,57.0,中国-浙江,先生,浙江,<50亿,51-60岁,1.6989700043360187
1019,50.0,信达生物,生物医药,俞德超,60.0,中国-浙江-台州,先生,浙江,<50亿,51-60岁,1.6989700043360187
1019,50.0,顺络电子,新型电子元件,袁金钰,68.0,,先生,未知,<50亿,61-70岁,1.6989700043360187
1019,50.0,莉莉丝,游戏,袁帅,37.0,,先生,未知,<50亿,40岁以下,1.6989700043360187
1019,50.0,伯特利,汽车零部件,袁永彬,62.0,,先生,未知,<50亿,61-70岁,1.6989700043360187
1019,50.0,莉莉丝,游戏,张昊,37.0,,先生,未知,<50亿,40岁以下,1.6989700043360187
1019,50.0,乐鑫科技,芯片,张瑞安,49.0,,先生,未知,<50亿,41-50岁,1.6989700043360187
1019,50.0,广和通,通信设备,张天瑜,57.0,,先生,未知,<50亿,51-60岁,1.6989700043360187
1019,50.0,热威股份,热电元件,张伟,67.0,,先生,未知,<50亿,61-70岁,1.6989700043360187
1019,50.0,润本股份,日化用品,赵贵钦,,,未知,未知,<50亿,,1.6989700043360187
1019,50.0,九江,钢铁、酒店,赵玉乔,,中国-河北-迁安,先生,河北,<50亿,,1.6989700043360187
1019,50.0,东富龙,医疗设备,郑效东,60.0,,先生,未知,<50亿,51-60岁,1.6989700043360187
1019,50.0,紫燕食品,食品,钟怀军,60.0,中国-四川-阿坝,先生,四川,<50亿,51-60岁,1.6989700043360187
1019,50.0,北斗星通,卫星导航设备,周儒欣,61.0,中国-北京,先生,北京,<50亿,61-70岁,1.6989700043360187
1019,50.0,华北,铜业、房地产,周文起,,,先生,未知,<50亿,,1.6989700043360187
1019,50.0,宁波华翔,汽车零配件,周晓峰,55.0,,先生,未知,<50亿,51-60岁,1.6989700043360187
1019,50.0,金螳螂,建筑,朱兴良,65.0,中国-江苏-苏州,先生,江苏,<50亿,61-70岁,1.6989700043360187
